Source Account,Date,Compound,Positive,Neutral,Negative,Text
@BBC,Wed Feb 07 14:32:05 +0000 2018,0.5574,0.194,0.806,0.0,"? From @MichaelJackson's ranch to @Courtney Love's @Nirvana rights, here are nine treasured possessions that stars… https://t.co/iCIduWzjaj"
@BBC,Wed Feb 07 14:18:40 +0000 2018,0.0,0.0,1.0,0.0,"RT @BBCOne: This is going to be EPIC.

#Troy: Fall of a City. Starts 17th February on @BBCOne. https://t.co/oZa9dQTqK9"
@BBC,Wed Feb 07 14:00:11 +0000 2018,0.4588,0.3,0.7,0.0,"Welcome to Monowi, Nebraska. 

Population 1.
? https://t.co/bQ2QoCKWkw https://t.co/PVAS8iLu5w"
@BBC,Wed Feb 07 13:30:07 +0000 2018,0.0,0.0,1.0,0.0,??Some of these little penguins are seeing snow for the first time! https://t.co/WIoqhmOamm
@BBC,Wed Feb 07 13:15:33 +0000 2018,0.7351,0.228,0.772,0.0,"RT @TWBBC: Zebro here could soon revolutionise search and rescue efforts. Working as part of a swarm, these easy to produce robots can comm…"
@BBC,Wed Feb 07 13:00:06 +0000 2018,0.0,0.0,1.0,0.0,The #WinterOlympics has provided countless memorable moments over the years. Put your knowledge of them to the test… https://t.co/DohJknUpmF
@BBC,Wed Feb 07 12:30:03 +0000 2018,0.4926,0.166,0.834,0.0,"??? Think you can do better than the England women? 

Sign up for the #FAPeoplesCup!
? https://t.co/Z3G0muPU0e https://t.co/1JeLhsf666"
@BBC,Wed Feb 07 12:00:08 +0000 2018,0.0,0.0,1.0,0.0,"? Experts have worked out the carbon footprint of your sarnie and it could be time to give up your daily BLT.
?… https://t.co/mNfTyIYgIG"
@BBC,Wed Feb 07 11:33:04 +0000 2018,0.4003,0.161,0.839,0.0,"? ? @george_ezra took over @BBCR1 and played tracks from @NiallOfficial, @Camila_Cabello and @DUALIPA!

?Have a lis… https://t.co/XJCqTB4qLt"
@BBC,Wed Feb 07 11:26:32 +0000 2018,0.128,0.07,0.93,0.0,"RT @BBCNorthAmerica: Space X's Elon Musk has launched his new rocket, the #FalconHeavy, from the Kennedy Space Center in Florida

https://t…"
@BBC,Wed Feb 07 11:03:03 +0000 2018,0.0,0.0,1.0,0.0,"Scientists have finally put a face to Cheddar Man, Britain's oldest complete skeleton from 10,000 years ago.… https://t.co/AdICoObSyh"
@BBC,Wed Feb 07 10:04:58 +0000 2018,0.0,0.0,1.0,0.0,"RT @bbcarts: Filmed in 31 countries on six continents over three years, epic 9-hour series #Civilisations comes to @BBCTwo on 1st March. Pr…"
@BBC,Wed Feb 07 10:04:46 +0000 2018,0.0,0.0,1.0,0.0,"??@CraigDavid, @NiallOfficial, @WolfAliceMusic and percussionist @DameEvelyn have joined the line-up for the BBC's… https://t.co/Q3HgX99mQn"
@BBC,Wed Feb 07 09:54:53 +0000 2018,0.5719,0.217,0.783,0.0,"??US entrepreneur Elon Musk has successfully launched his new rocket, the Falcon Heavy, from the Kennedy Space Cent… https://t.co/pJyK2t05OJ"
@BBC,Wed Feb 07 09:00:04 +0000 2018,0.0,0.0,1.0,0.0,"What's a statue of an American president doing in Manchester &amp; why are Hull telephone boxes cream? 

Three puzzling… https://t.co/m6lFFjtN0P"
@BBC,Wed Feb 07 08:56:48 +0000 2018,0.0,0.0,1.0,0.0,RT @BBCNews: Cheddar Man: DNA shows early Brit had dark skin https://t.co/h4oMUWV0qg
@BBC,Wed Feb 07 08:56:27 +0000 2018,0.4574,0.187,0.813,0.0,"RT @bbc5live: Help the hedgehog! A new report says the population is ?? 

#5liveBreakfast https://t.co/0a0C3ly4SX"
@BBC,Wed Feb 07 08:54:57 +0000 2018,0.0,0.0,1.0,0.0,RT @bbceurovision: Today UK! Today our UK #Eurovision act for 2018 will be chosen. ????? #EurovisionYouDecide 7.30pm @BBCTwo https://t.co/W…
@BBC,Wed Feb 07 08:40:02 +0000 2018,0.0,0.0,1.0,0.0,"17-years-old and an undertaker, but why? ?
https://t.co/Vw0xsnuJJH"
@BBC,Wed Feb 07 08:20:03 +0000 2018,-0.296,0.0,0.913,0.087,? Clues to the state of your mental health may be hiding in plain sight – in the tweets you send and the Facebook u… https://t.co/jWHdacpPi8
@BBC,Wed Feb 07 08:00:08 +0000 2018,0.0,0.137,0.684,0.179,"When a friend is struggling with their mental health it can be hard to know what to say. 
#BBCLikeMinds https://t.co/uX4mxgf6Io"
@BBC,Wed Feb 07 07:38:03 +0000 2018,0.5423,0.251,0.637,0.112,"Truly vibrant red was elusive for many years: until a mysterious dye was discovered. 

? This is how a crushed bug… https://t.co/fiStAOHSXt"
@BBC,Tue Feb 06 19:30:18 +0000 2018,0.0,0.0,1.0,0.0,"RT @bbccomedy: Oh.. by the way, #InsideNo9 will return for a fifth series next year! ?????9?? https://t.co/iMBDssos9a https://t.co/cl2L70OD…"
@BBC,Tue Feb 06 19:30:05 +0000 2018,0.0,0.0,1.0,0.0,"Know your Suffragettes from your Suffragists, your WSPU from your NUWSS? 

Take this Pankhurst quiz to find out.
?… https://t.co/ykQrg4RzDB"
@BBC,Tue Feb 06 19:27:31 +0000 2018,0.3612,0.094,0.906,0.0,"RT @BBCScotland: Kirsten’s dad Stuart Adamson took his own life in 2001.

She has written her dad a letter to thank him for his music. http…"
@BBC,Tue Feb 06 19:26:49 +0000 2018,0.4389,0.182,0.818,0.0,"RT @bbcthree: ""I love my dad, but sometimes his rules drive me crazy!"" https://t.co/Tk0xeQxa6i"
@BBC,Tue Feb 06 19:25:21 +0000 2018,-0.7096,0.102,0.618,0.28,"RT @BBCNewsbeat: Eight members of the Man United team died in the Munich air disaster, 60 years ago today https://t.co/xPI8ydPFg4"
@BBC,Tue Feb 06 19:25:15 +0000 2018,-0.5719,0.0,0.812,0.188,"RT @BBCTwo: ""What's a VHS?"" And other terrifying phrases, in tonight's series finale of #InsideNo9, 10pm. ??
https://t.co/lilhVPMOYF"
@BBC,Tue Feb 06 19:00:05 +0000 2018,0.0,0.0,1.0,0.0,Inside Denmark's massive Lego House. https://t.co/3m5loPSZpi
@BBC,Tue Feb 06 18:30:03 +0000 2018,0.8398,0.428,0.572,0.0,? The annual #Sapporo snow festival in Japan has some pretty cool (?) ice sculptures! https://t.co/AI4gfWQ23l
@BBC,Tue Feb 06 18:00:06 +0000 2018,-0.34,0.098,0.748,0.154,"? Wage war on the cold with fortifying tagines, hearty stews and comfort food. 

These recipes make the most of Feb… https://t.co/nfaSdt1eKH"
@BBC,Tue Feb 06 17:30:08 +0000 2018,0.0,0.0,1.0,0.0,"?? HONK HONK! 

When you just can't get a word in...
#AnimalsWithCameras https://t.co/mFUZec36Ne"
@BBC,Tue Feb 06 17:07:56 +0000 2018,0.4184,0.148,0.852,0.0,"RT @mixital: ?New #DoctorWho Writing Challenge!?
Write a story featuring Rose!
 
Share it with us here: https://t.co/zW42ZnvJnc 

#BilliePi…"
@BBC,Tue Feb 06 17:06:24 +0000 2018,0.4588,0.158,0.842,0.0,"RT @bbcarts: 'Bewildering, breathtaking' Brighton Pavilion is just one of the destinations for @andrewgrahamdix in tonight's #RoyalCollecti…"
@BBC,Tue Feb 06 17:03:10 +0000 2018,0.0,0.0,1.0,0.0,"???? A selection of some of the most striking news photographs taken around the world this week.
?… https://t.co/MyW196KSCV"
@BBC,Tue Feb 06 16:47:54 +0000 2018,0.2263,0.106,0.894,0.0,"?@Drake surprised a young student at the University of Miami with a $50,000 (£36,000) scholarship after reading one… https://t.co/fHgUoq6QTB"
@BBC,Tue Feb 06 16:42:26 +0000 2018,0.5719,0.144,0.856,0.0,"RT @BBCSSO: One hundred years ago today women won the right to vote, we’re remembering our suffragettes with a new choral work, written by…"
@BBC,Tue Feb 06 16:39:58 +0000 2018,0.5705,0.22,0.687,0.093,"RT @BBCScotland: The Scottie Dogs have got some sound advice for Internet Safety Day:

""Don't trust anyone called Honest Jim!""

See more fr…"
@BBC,Tue Feb 06 15:12:23 +0000 2018,-0.802,0.0,0.687,0.313,"#100years since women were first given the vote, the battle for equality rages on. Meet the women fighting for fema… https://t.co/KUknfU9LJk"
@BBC,Tue Feb 06 14:58:21 +0000 2018,0.0,0.0,1.0,0.0,"RT @bbcthree: ""Do you even know any black people?"" https://t.co/1CjD1obs4K"
@BBC,Tue Feb 06 14:02:04 +0000 2018,0.0,0.0,1.0,0.0,"?? ‘I was delivered by a man in a dinner jacket’.

10 things we learned from @JackWhitehall’s #DesertIslandDiscs.… https://t.co/hnBdy7NxL5"
@BBC,Tue Feb 06 13:30:04 +0000 2018,-0.7152,0.0,0.724,0.276,"Eight things more likely to kill you in 1970s Britain than today. 
? https://t.co/zIDtYhFO9L https://t.co/e5CwtBDxNc"
@BBC,Tue Feb 06 13:00:37 +0000 2018,0.8402,0.31,0.69,0.0,"RT @BBCr4today: ""They will have to choose between giving us freedom or giving us death.""

Joanna Lumley reads this extract from Emmeline Pa…"
@BBC,Tue Feb 06 13:00:05 +0000 2018,0.0,0.0,1.0,0.0,"? #SportRelief is back and for 2018 is asking the nation to come together to walk one billion steps a day, every da… https://t.co/5nHttl86IS"
@BBC,Tue Feb 06 12:30:03 +0000 2018,0.5859,0.322,0.678,0.0,"? How this man's bottom helped win WW1.
#QI https://t.co/vbeU2IKbxP"
@BBC,Tue Feb 06 12:00:11 +0000 2018,0.1139,0.088,0.912,0.0,"?? Seven ways that other nations deal with winter weather without falling to pieces. 
? https://t.co/8XUZNxQc1Y https://t.co/rfzXWF2lPI"
@BBC,Tue Feb 06 11:57:10 +0000 2018,0.4184,0.122,0.878,0.0,"RT @BBCBreakfast: ?? New BBC weather graphics alert!! ?
Watch @carolkirkwood give you a sneak peek of the new look @BBCweather service whic…"
@BBC,Tue Feb 06 11:53:33 +0000 2018,-0.4515,0.0,0.881,0.119,"RT @bbcideas: What does it mean to be a feminist? When was the term first used? A brief history #100years
(Feminism: The fight for equality…"
@BBC,Tue Feb 06 11:52:38 +0000 2018,0.0,0.0,1.0,0.0,"RT @BBCSport: They call him ' The Ice King'

Meet Fadi Ahmed - the extreme ice skater... from Saudi Arabia!
? https://t.co/ZakUY3ayhi https…"
@BBC,Tue Feb 06 11:24:24 +0000 2018,0.0,0.0,1.0,0.0,"Who was #EmmelinePankhurst? 

#Suffragette100 #Vote100 #100Years https://t.co/nDw1wiBRYG"
@BBC,Tue Feb 06 11:17:10 +0000 2018,0.4767,0.146,0.854,0.0,"RT @BBCBreakfast: How important is the ability to vote, to you?
These young women talked to us about voting, as we mark 100 years since som…"
@BBC,Tue Feb 06 11:11:10 +0000 2018,-0.7906,0.071,0.556,0.374,"RT @BBCTwo: A shocking murder.

A gripping thriller. 

A star-studded cast.

? #Collateral. Starts Monday, 9pm, @BBCTwo. https://t.co/pwCmd…"
@BBC,Tue Feb 06 11:07:30 +0000 2018,-0.1027,0.0,0.924,0.076,"RT @BBCArchive: John Mahoney on Hard Talk in 1998, discussing Martin Crane and having a dog as a co-star https://t.co/xjmAeokWZ4"
@BBC,Tue Feb 06 10:45:08 +0000 2018,0.4754,0.128,0.872,0.0,?? @ElonMusk will attempt to fly the world's most powerful rocket towards Mars' orbit with his own sports car on to… https://t.co/Lfz26ugHE0
@BBC,Tue Feb 06 10:24:07 +0000 2018,-0.296,0.1,0.75,0.15,"The British-born actor John Mahoney, who played Martin Crane in the US sitcom Frasier, has died aged 77.
?… https://t.co/QnReRu34IQ"
@BBC,Tue Feb 06 10:19:55 +0000 2018,0.0258,0.148,0.707,0.145,RT @AboutTheBBC: Kids experience the best and worst of life online. This #SaferInternetDay find out more about #BBCOwnIt which aims to help…
@BBC,Tue Feb 06 10:19:21 +0000 2018,0.3818,0.106,0.894,0.0,RT @bbcwritersroom: Meet the #writers of our new series of bold short form dramas on @bbcthree #TheBreak watch their episodes and read thei…
@BBC,Tue Feb 06 10:10:03 +0000 2018,0.5719,0.163,0.837,0.0,"What did the suffragettes do for you?

? #100years after women won the right to vote, @ScarlettMoffatt tells the st… https://t.co/gMNQ2ybFtE"
@BBC,Tue Feb 06 10:01:19 +0000 2018,0.0,0.0,1.0,0.0,"RT @bbc5live: ?? Women's firsts throughout history ?

#5liveFirstWomen #100years

https://t.co/aFk6Ia5aGe"
@BBC,Tue Feb 06 09:48:20 +0000 2018,-0.3182,0.0,0.901,0.099,?? Armed police were sent to an Aberdeenshire farm after reports of a tiger on the loose - only to discover it was… https://t.co/BAMHJjACiC
@BBC,Tue Feb 06 09:45:07 +0000 2018,0.0,0.0,1.0,0.0,"RT @BBCWomansHour: Today's programme comes live from the @PankhurstCentre in Manchester. We'll be bringing together activists, historians,…"
@BBC,Tue Feb 06 09:00:09 +0000 2018,-0.2023,0.0,0.859,0.141,"? The controversial plan to bring wolves back to the Highlands. 
? https://t.co/UuAdHv9pLj https://t.co/NcfNI4q7rY"
@BBC,Tue Feb 06 08:48:34 +0000 2018,0.0,0.0,1.0,0.0,"RT @BBCNewsbeat: Considering going vegan ? You're about to spend a lot more time in supermarkets reading labels.  

To give you a head star…"
@BBC,Tue Feb 06 08:47:22 +0000 2018,0.0,0.0,1.0,0.0,"RT @cbbc: The animation from @BBCNewsround explains who one of the most famous suffragettes, Emily Davison, was. #Suffragette100 https://t.…"
@BBC,Tue Feb 06 08:47:13 +0000 2018,0.6669,0.207,0.793,0.0,RT @bbcpress: 9? The brilliant and twisted #InsideNo9 will return to @BBCTwo for a fifth series. Don't forget to catch the last episode of…
@BBC,Tue Feb 06 08:46:28 +0000 2018,0.0,0.0,1.0,0.0,RT @bbceurovision: Presenting our #EurovisionYouDecide panelists! @Rylan?  @RochelleHumes?  and @TomFletcher?  #Eurovision ??? https://t.co…
@BBC,Tue Feb 06 08:45:32 +0000 2018,0.5562,0.159,0.841,0.0,RT @BBCNewsround: The #WinterOlympics2018 is only 3 days away! Did you know these fun facts about South Korea? ?? https://t.co/siDe9fvDAt #…
@BBC,Tue Feb 06 08:40:01 +0000 2018,0.3818,0.224,0.776,0.0,"? Stunning time-lapse pictures show Guatemala's Volcán de Fuego erupting.
https://t.co/Hcki5BRwGQ"
@BBC,Tue Feb 06 08:20:04 +0000 2018,-0.6597,0.0,0.672,0.328,"'What getting cancer in my twenties taught me.'
? https://t.co/fAOFuNMQ98 https://t.co/Xh7js9fgxo"
@BBC,Tue Feb 06 08:01:02 +0000 2018,0.5411,0.333,0.667,0.0,Now Braille readers can enjoy e-reading too! https://t.co/FGB2JouVox
@BBC,Tue Feb 06 07:38:04 +0000 2018,0.0,0.0,1.0,0.0,"??? Scientists say there needs to be more research into the impact of plastic pollution on sharks, whales and rays.… https://t.co/wcfjgNzDbx"
@BBC,Mon Feb 05 21:55:05 +0000 2018,-0.4767,0.086,0.741,0.173,"RT @bbcthree: In February 2017, certain forms of domestic abuse were decriminalised in Russia. @StaceyDooley finds out what the consequence…"
@BBC,Mon Feb 05 21:54:14 +0000 2018,0.3612,0.161,0.839,0.0,RT @bbcthree: What it's actually going to be like going to work tomorrow https://t.co/3b1umAlhGg
@BBC,Mon Feb 05 21:53:04 +0000 2018,-0.2481,0.0,0.858,0.142,"RT @BBCEarth: These cheetahs seriously put our cameras through their paces! ?

#AnimalsWithCameras https://t.co/Nolkf9aYiQ"
@BBC,Mon Feb 05 21:52:49 +0000 2018,0.5994,0.245,0.755,0.0,"RT @BBCSpringwatch: The beautiful winter wonderland that is the Cairngorms... 
https://t.co/77Y53AwllH #Winterwatch https://t.co/V1O0hWD3Ut"
@BBC,Mon Feb 05 21:52:31 +0000 2018,0.0,0.0,1.0,0.0,"RT @bbcideas: Now here’s a woman you need to know about - Hertha Marks Ayrton, AKA ""the woman who tamed lightning"" ?
(More unsung heroines…"
@BBC,Mon Feb 05 20:03:04 +0000 2018,-0.0772,0.214,0.561,0.225,"The story of Hull’s triple trawler tragedy and the women’s protest for safety at sea.

Hull’s Headscarf Heroes | 9p… https://t.co/V6JQXbbauI"
@BBC,Mon Feb 05 19:00:04 +0000 2018,-0.2263,0.0,0.787,0.213,"? Long-tailed tits are the ultimate snugglers. 
#Winterwatch https://t.co/tOT8GVmWzL"
@BBC,Mon Feb 05 18:30:07 +0000 2018,0.0,0.0,1.0,0.0,"?? Know your @MaryJBlige’s from your @MariahCarey’s?

See if you can you ace @1Xtra's R&amp;B quiz.
?… https://t.co/Mnisx7j0uo"
@BBC,Mon Feb 05 18:00:07 +0000 2018,0.743,0.474,0.526,0.0,"? Stanley Spencer: Creating a masterpiece on a toilet roll. 
? https://t.co/DjXJHZQRcP https://t.co/3zcKYzGm8Y"
@BBC,Mon Feb 05 17:30:04 +0000 2018,0.0,0.0,1.0,0.0,"?These homeless people would rather pitch a tent than sleep in a hostel.

Here's why... https://t.co/VxV6iAdGrp"
@BBC,Mon Feb 05 17:00:28 +0000 2018,0.2263,0.091,0.909,0.0,"A secret code hidden in a painting that gave access to an online wallet containing Bitcoin worth £35,500 has been c… https://t.co/BELc4Mmy36"
@BBC,Mon Feb 05 15:18:38 +0000 2018,0.0,0.0,1.0,0.0,RT @bbcthree: Taylor Lautner is BACK filming #Cuckoo. This series we're also forcing him to make us a constant stream of cocktails. https:/…
@BBC,Mon Feb 05 15:00:06 +0000 2018,0.128,0.166,0.691,0.143,"After suffering a stroke Richard was left unable to walk and talk. Then something remarkable happened...

Horizon:… https://t.co/1TKsF03kDL"
@BBC,Mon Feb 05 14:00:26 +0000 2018,0.4019,0.119,0.881,0.0,"RT @BBCSportWales: .@Nigelrefowens gets help with his one-liners ?

This is ""Nige"" - Chapter 3: The Writers' Room.

Watch the full story on…"
@BBC,Mon Feb 05 14:00:07 +0000 2018,-0.4404,0.0,0.847,0.153,"Researchers have found more than 60,000 hidden Maya ruins in Guatemala in a major archaeological breakthrough.
?… https://t.co/Pa7HITxoA6"
@BBC,Mon Feb 05 13:57:01 +0000 2018,-0.1779,0.0,0.904,0.096,RT @BBCNewsround: Talking with your child about mental health? Read our guide about anxiety together?  https://t.co/cHhl1TuKRA  #ChildrensM…
@BBC,Mon Feb 05 13:47:40 +0000 2018,0.8519,0.317,0.683,0.0,RT @BBC_Teach: Your Primary class can use harmonies to turn a good song into a great song with this brand new #BBCBitesize Music guide star…
@BBC,Mon Feb 05 13:46:03 +0000 2018,0.0,0.0,1.0,0.0,"RT @BBCPhilharmonic: A brand new Primary Music series from #BBCBitesize - and we provide the soundtrack! Lots of resources here, go and che…"
@BBC,Mon Feb 05 13:44:05 +0000 2018,0.0,0.0,1.0,0.0,RT @bbcsoutheast: Some of us saw a dusting of the white stuff this morning. Here's a selection of your snowy pictures #snow https://t.co/5B…
@BBC,Mon Feb 05 13:43:22 +0000 2018,0.0,0.0,1.0,0.0,RT @BBCiPlayer: ?See #London in A WHOLE NEW WAY ? ??  #HardSun https://t.co/xngwxhJumo
@BBC,Mon Feb 05 13:38:16 +0000 2018,0.3612,0.169,0.731,0.1,"RT @BBCR1: .@CraigDavid + @BastilleDan = Live Lounge perfection ?

Missed it? Watch it back in full right here ? https://t.co/nTsQI5Qlni ht…"
@BBC,Mon Feb 05 13:33:07 +0000 2018,0.3818,0.191,0.809,0.0,"? Did you know that cows form friendships and bear grudges?  
? https://t.co/hUXzp2H0Jg https://t.co/rXZFxY4Ayn"
@BBC,Mon Feb 05 13:22:45 +0000 2018,-0.0516,0.104,0.784,0.112,"RT @bbc5live: 10-year-old Mehul achieved the highest score in the Mensa IQ test, beating the likes of Albert Einstein and Stephen Hawking ?…"
@BBC,Mon Feb 05 13:03:05 +0000 2018,0.6908,0.341,0.659,0.0,"??? @Arsenal players have thanked @Rihanna for being their 'lucky charm'. ?
? https://t.co/83cWttcoMj https://t.co/trQmsw96lb"
@BBC,Mon Feb 05 12:30:05 +0000 2018,0.6597,0.231,0.769,0.0,"RT @bbcthree: ""I'm never going to give up helping animals.""

The 24-year-old vet on a mission to save homeless dogs. https://t.co/w6EE93ERFn"
@BBC,Mon Feb 05 12:30:03 +0000 2018,-0.0258,0.216,0.56,0.224,? Could this game help doctors detect trauma patients? https://t.co/jWYpn12YmU
@BBC,Mon Feb 05 12:00:05 +0000 2018,0.2263,0.079,0.921,0.0,"? From Collateral to the return of Modus and a retelling of the siege of Troy, here are the TV shows worth seeing t… https://t.co/3g2FPqJDGZ"
@BBC,Mon Feb 05 11:49:47 +0000 2018,0.5255,0.119,0.881,0.0,"RT @BBCSport: Sport Relief is back this year from 17 to 23 March! 

And it's not just about celebrities. You can also get involved in a nat…"
@BBC,Mon Feb 05 11:07:39 +0000 2018,-0.3612,0.0,0.865,0.135,"?? Snow has caused travel disruption in parts of the UK, as temperatures plummeted overnight. 
?… https://t.co/MFdryLqvrR"
@BBC,Mon Feb 05 10:30:04 +0000 2018,0.0,0.0,1.0,0.0,That moment when you realise you have a mouse up your sleeve during a big West End number… ? ? #TheGrahamNorthonShow https://t.co/4au35eCCmK
@CBS,Wed Feb 07 16:17:48 +0000 2018,0.5574,0.312,0.536,0.152,"Are you a sucker for jaw-dropping talent competitions? Announcing The World's Best, a first-of-its-kind new global… https://t.co/fagCMklm2Z"
@CBS,Tue Feb 06 22:21:39 +0000 2018,0.0,0.0,1.0,0.0,"RT @BullCBS: Tonight, one of these 3 TAC employees will end up incarcerated. Who do you think it will be? Tune into a new episode of #Bull…"
@CBS,Tue Feb 06 17:05:49 +0000 2018,0.0772,0.121,0.773,0.106,"RT @thegoodfight: There's no season like lawyer season. #TheGoodFight returns March 4, exclusively on CBS All Access. https://t.co/XAlrg1nB…"
@CBS,Sun Feb 04 15:35:36 +0000 2018,0.0,0.0,1.0,0.0,"RT @thegoodfight: The acclaimed series returns in 1 month. #TheGoodFight is back Sunday, March 4. https://t.co/5BNLTYRd8p https://t.co/yInP…"
@CBS,Sun Feb 04 12:00:01 +0000 2018,0.1531,0.118,0.882,0.0,".@KeshaRose's emotional performance with @CyndiLauper, @AndraDayMusic, @BebeRexha and @Camila_Cabello brought the a… https://t.co/qpgS2e9ir0"
@CBS,Sat Feb 03 23:11:43 +0000 2018,0.0,0.0,1.0,0.0,Broadway legend Patti LuPone paid tribute to Sir Andrew Lloyd Webber with a show-stopping rendition of the iconic s… https://t.co/GxqLtUzhFP
@CBS,Sat Feb 03 12:00:07 +0000 2018,0.8268,0.338,0.662,0.0,"Relive an entire night's worth of big wins, live performances and many more inspiring moments from The 60th Annual… https://t.co/CH7mJ4Y3QT"
@CBS,Fri Feb 02 22:36:13 +0000 2018,-0.0772,0.0,0.925,0.075,RT @swatcbs: ?@TheTalkCBS' @TheRealEve and @ShemarMoore brought some serious heat to the GRAMMYs red carpet: https://t.co/WYTITKkLQd https:…
@CBS,Fri Feb 02 20:07:40 +0000 2018,0.4019,0.144,0.856,0.0,"The all-star collaboration between @Rihanna, @DJKhaled and @brysontiller brought the party to the #GRAMMYs with a s… https://t.co/jTv5QbtgUp"
@CBS,Fri Feb 02 19:03:33 +0000 2018,0.4003,0.124,0.876,0.0,RT @TheTalkCBS: All the #redcarpet looks from the 60th annual #GRAMMYs! Did you catch @TheRealEve's sparkly two-piece suit? Diamond accents…
@CBS,Fri Feb 02 17:23:18 +0000 2018,0.6114,0.166,0.834,0.0,Go backstage with the celebs and see which stars celebrated the big night together! Here are the moments you missed… https://t.co/rgQTXRQyLg
@CBS,Thu Feb 01 22:04:41 +0000 2018,0.0,0.0,1.0,0.0,? @DearEvanHansen star Ben Platt gave a soaring performance of a classic Broadway hit. Watch him perform 'Somewhere… https://t.co/HcuizFWo02
@CBS,Thu Feb 01 20:09:49 +0000 2018,0.0,0.0,1.0,0.0,"? @LittleBigTown, @U2, @BrunoMars and @Pink are just a few of the superstar performers that lit up the stage at The… https://t.co/2v0MNYMItG"
@CBS,Wed Jan 31 21:42:15 +0000 2018,0.1139,0.088,0.912,0.0,"Don't miss country stars Emmylou Harris and @ChrisStapleton perform a moving rendition of @TomPetty's classic song,… https://t.co/GxoIW97XIu"
@CBS,Wed Jan 31 17:05:47 +0000 2018,0.1007,0.135,0.75,0.115,RT @survivorcbs: Get excited! ? It’s finally time to meet the castaways of #Survivor: Ghost Island ? https://t.co/xQQ8ROhKbM https://t.co/P…
@CBS,Wed Jan 31 16:37:17 +0000 2018,0.4588,0.188,0.812,0.0,"Country stars @EricChurch, @BrothersOsborne and @MarenMorris performed a touching tribute dedicated to the victims… https://t.co/YCIq9i70fd"
@CBS,Wed Jan 31 06:55:30 +0000 2018,0.1779,0.126,0.779,0.095,Missed the Man vs. Beast #SuperBowlCommercials showdown? Catch up now to find out which entertaining ad was named t… https://t.co/SlyO0n7yMX
@CBS,Wed Jan 31 02:15:16 +0000 2018,-0.2263,0.179,0.569,0.252,"RT @rikimae: Ok, that one makes me cry #superbowlcommercials"
@CBS,Wed Jan 31 01:58:40 +0000 2018,-0.4767,0.0,0.744,0.256,"If this doesn’t make you cry, nothing will. #SuperBowlCommercials https://t.co/UjFf3xr4so"
@CBS,Wed Jan 31 01:52:46 +0000 2018,0.4939,0.256,0.625,0.119,"RT @maverickkr: #superbowlcommercials the frogs were great, I'd forgotten about that one."
@CBS,Wed Jan 31 01:49:43 +0000 2018,0.5093,0.19,0.81,0.0,"If you haven't voted yet, it's not too late! Choose your favorite here: https://t.co/s4pEIF5IX8… https://t.co/VCa1YHDyYy"
@CBS,Wed Jan 31 01:31:27 +0000 2018,0.8261,0.434,0.566,0.0,RT @5691e44f3b66446: I am having so much fun ...the commercials are awesome #superbowlcommercials
@CBS,Wed Jan 31 01:29:10 +0000 2018,0.8309,0.414,0.586,0.0,RT @LittleShelbyMae: Love watching the #superbowlcommercials all the animal ones are my favorite!!
@CBS,Wed Jan 31 01:24:16 +0000 2018,0.6588,0.386,0.614,0.0,RT @PatHale915: Doritos time machine was great!   #superbowlcommercials
@CBS,Wed Jan 31 01:18:37 +0000 2018,-0.5106,0.0,0.602,0.398,Never make a goat angry. #SuperBowlCommercials https://t.co/xRJssdAErk
@CBS,Wed Jan 31 01:17:37 +0000 2018,0.0,0.0,1.0,0.0,RT @MsLindsieStarr: That dang goat! #Doritos #superbowlcommercials
@CBS,Wed Jan 31 01:16:15 +0000 2018,0.7525,0.349,0.651,0.0,Do you remember this Super Bowl commercial featuring @KevinHart4real playing an overprotective father?… https://t.co/ejLnTEG5ug
@CBS,Wed Jan 31 01:08:01 +0000 2018,0.0,0.0,1.0,0.0,RT @dRoy: Homework will take a break for now. #superbowlcommercials on cbs is on ?
@CBS,Wed Jan 31 01:04:34 +0000 2018,0.8516,0.58,0.42,0.0,RT @Mixxxalv: Watching #superbowlcommercials let the best win!
@CBS,Wed Jan 31 01:00:35 +0000 2018,0.8442,0.351,0.649,0.0,Super Bowl Greatest Commercials 2018 hosts @7BOOMERESIASON and @DanielaRuah are moments away from announcing the tw… https://t.co/cKM1WXPc9u
@CBS,Wed Jan 31 00:55:04 +0000 2018,0.923,0.406,0.594,0.0,It's Man vs. Beast as these classic Super Bowl spots face off tonight on Super Bowl Greatest Commercials 2018! Tune… https://t.co/GcoSAcfeUd
@CBS,Wed Jan 31 00:37:20 +0000 2018,0.5994,0.206,0.794,0.0,"Tonight, get a first look at #ChrisElliott starring in the new @AvosfromMexico Super Bowl Commercial on… https://t.co/WMEjsZfgdg"
@CBS,Wed Jan 31 00:11:53 +0000 2018,0.8834,0.407,0.593,0.0,"Join @NCISLA's @DanielaRuah and @7BOOMERESIASON on Super Bowl Greatest Commercials 2018, tonight at 8/7c on CBS and… https://t.co/nzVu1FCRc5"
@CBS,Tue Jan 30 23:35:01 +0000 2018,0.8553,0.276,0.724,0.0,Everyone knows the best part of the Super Bowl is the commercials! Find out how to tune in and vote for your favori… https://t.co/KGDYl9oF98
@CBS,Tue Jan 30 21:19:22 +0000 2018,0.8553,0.306,0.694,0.0,Throw it back to this classic Michael Jordan vs. Larry Bird spot tonight on Super Bowl Greatest Commercials 2018! W… https://t.co/g2H4zV7wIN
@CBS,Tue Jan 30 18:46:04 +0000 2018,0.9215,0.391,0.609,0.0,"Super Bowl Greatest Commercials 2018 airs tonight! Cast your vote now, then tune in and vote for the winner live at… https://t.co/h4jGpUheP5"
@CBS,Tue Jan 30 16:00:02 +0000 2018,0.0,0.0,1.0,0.0,Remember when @robinthicke and Lil Wayne (@liltunechi) joined jazz legends on stage at the 51st #GRAMMYs? Watch thi… https://t.co/2l8gBdOrli
@CBS,Tue Jan 30 04:03:31 +0000 2018,0.5994,0.187,0.813,0.0,"Tomorrow, catch a sneak peek of the incredible @TiffanyHaddish in her first Super Bowl Commercial for @Groupon on… https://t.co/RlehujNvFN"
@CBS,Tue Jan 30 03:17:51 +0000 2018,0.6908,0.289,0.711,0.0,Rapper @Logic301 delivered a poignant message of hope to conclude his powerful performance with @alessiacara and… https://t.co/elSqZExRtN
@CBS,Tue Jan 30 02:12:15 +0000 2018,0.0,0.0,1.0,0.0,Even our host @JKCorden was starstruck when Broadway icon Patti LuPone performed at The #GRAMMYs! https://t.co/YJhNBllFh6
@CBS,Tue Jan 30 01:29:06 +0000 2018,-0.296,0.0,0.885,0.115,Childish Gambino serenaded the crowd with his smooth vocals in this mesmerizing performance. Watch him perform 'Ter… https://t.co/TkWZP7PS22
@CBS,Tue Jan 30 00:11:05 +0000 2018,0.0,0.0,1.0,0.0,.@OfficialSting and @shaggy757 joined together to bring their upbeat reggae vibes to Madison Square Garden. Watch t… https://t.co/iqq0DbM1IR
@CBS,Mon Jan 29 22:45:21 +0000 2018,0.3818,0.115,0.885,0.0,Superstar @Pink left it all on the stage last night in a simply stunning performance that brought the crowd to thei… https://t.co/B9Tj5INcNu
@CBS,Mon Jan 29 22:10:15 +0000 2018,0.5093,0.162,0.758,0.079,Check out these photos of the night's best backstage moments you didn't see on TV! Here's what you missed at The 60… https://t.co/6TBI8NV8JJ
@CBS,Mon Jan 29 20:00:04 +0000 2018,0.0,0.0,1.0,0.0,The dapper duo of @itstonybennett and @johnlegend brought down the #GRAMMYs house with an impromptu duet.… https://t.co/ucRrAFk59f
@CBS,Mon Jan 29 19:00:05 +0000 2018,0.7783,0.286,0.714,0.0,?@BrunoMars worked his 24K Magic to become the night's biggest winner. See his #GRAMMYs acceptance speech for Album… https://t.co/dXzjWH0myx
@CBS,Mon Jan 29 18:00:02 +0000 2018,0.9259,0.442,0.558,0.0,When your win at The #GRAMMYs feels like 24K Magic! Congratulations to @BrunoMars for taking home six awards this y… https://t.co/UhWCE8OKfK
@CBS,Mon Jan 29 17:15:04 +0000 2018,0.0,0.0,1.0,0.0,?@LadyGaga's stripped-down performance soared on the #GRAMMYs stage. See all the night's performances here:… https://t.co/Dw6xSzeeGC
@CBS,Mon Jan 29 16:00:05 +0000 2018,0.5106,0.163,0.837,0.0,"Relive epic GRAMMY rock performances from @Metallica, @beck, @coldplay and more on @AppleMusic. Start your free tri… https://t.co/xmkaZGjlMM"
@CBS,Mon Jan 29 15:00:03 +0000 2018,0.1531,0.086,0.914,0.0,"The #GRAMMYs were full of emotional performances, stirring speeches, and jaw-dropping fashion. See all the red carp… https://t.co/yqpOW9tWm3"
@CBS,Mon Jan 29 14:00:02 +0000 2018,0.3182,0.136,0.741,0.123,Watch @BrunoMars and @iamcardib pull out all the stops at the #GRAMMYs for their fun and funky duet of 'Finesse.'… https://t.co/z1ZTosotw9
@CBS,Mon Jan 29 13:00:01 +0000 2018,0.6597,0.293,0.707,0.0,"With his powerful single 'Pray,"" @samsmithworld captivated the #GRAMMYs crowd. Watch the full performance:… https://t.co/159qGVFyxW"
@CBS,Mon Jan 29 12:00:03 +0000 2018,0.0,0.0,1.0,0.0,Music's biggest stars came together for a night of celebration and song at the The 60th Annual #GRAMMYs! Stream the… https://t.co/flFIflTQ5s
@CBS,Mon Jan 29 08:18:18 +0000 2018,0.0,0.0,1.0,0.0,The stage was packed with star power from start to finish on Music's Biggest Night®! Catch up on all the live perfo… https://t.co/Mzqp82FiUS
@CBS,Mon Jan 29 07:40:26 +0000 2018,0.5719,0.27,0.73,0.0,See who won big on Music's Biggest Night®?: https://t.co/yyb8bwMqEx #GRAMMYs https://t.co/OgV3UcK3jw
@CBS,Mon Jan 29 07:25:04 +0000 2018,0.3612,0.122,0.878,0.0,Get ready to sing along as @eltonofficial and @MileyCyrus deliver an unforgettable rendition of the iconic song 'Ti… https://t.co/upVo9SZUCh
@CBS,Mon Jan 29 07:01:01 +0000 2018,0.7506,0.314,0.686,0.0,"See @littlebigtown belt out a heartfelt version of their hit song 'Better Man,' written by @taylorswift13:… https://t.co/mQJZ4lIOtZ"
@CBS,Mon Jan 29 06:15:02 +0000 2018,0.5719,0.266,0.734,0.0,See @U2's intense #GRAMMYs performance in front of the majestic Statue of Liberty: https://t.co/Y1ZhzDYPdt https://t.co/SOf9kpMHOq
@CBS,Mon Jan 29 05:34:44 +0000 2018,0.0,0.0,1.0,0.0,"Relive @LuisFonsi, @daddy_yankee, and @zuleyka_rivera's electric performance of 'Despacito' that lit up the… https://t.co/9m1mytX9VW"
@CBS,Mon Jan 29 04:19:55 +0000 2018,0.0,0.0,1.0,0.0,We caught up with @imjmichaels on the #GRAMMYs red carpet and learned all about how @IBM is using Watson and AI to… https://t.co/sJpn44xPnV
@CBS,Mon Jan 29 04:12:46 +0000 2018,0.8779,0.359,0.641,0.0,"It was real y'all. Congratulations to everyone who won and all who were nominated. Finally, thank you to everyone w… https://t.co/jqBkGTtEyM"
@CBS,Mon Jan 29 04:10:47 +0000 2018,0.7959,0.294,0.706,0.0,Drippin' in finesse ? @BrunoMars wins Album Of The Year at The #GRAMMYs! See all of the winners here:… https://t.co/BK4bF9ggSI
@CBS,Mon Jan 29 03:58:49 +0000 2018,0.5859,0.487,0.513,0.0,That. Performance. Wow. #GRAMMYs https://t.co/rDg37rzQvn
@CBS,Mon Jan 29 03:55:24 +0000 2018,0.6696,0.152,0.848,0.0,"RT @CBSNews: ""My father, if you are watching this dad, I love you. Look at me, pop, look at me, I'm at the #Grammys right now!"" @BrunoMars…"
@CBS,Mon Jan 29 03:55:20 +0000 2018,-0.34,0.0,0.888,0.112,"RT @CBSNews: .@HillaryClinton makes an appearance at #Grammys during a reading of ""Fire and Fury."" The book details President Trump's first…"
@CBS,Mon Jan 29 03:53:06 +0000 2018,0.0572,0.073,0.864,0.062,You don't want to miss a moment of The #GRAMMYs. Watch now on CBS and CBS All Access: https://t.co/rtZ7sSGFOC https://t.co/oVvgF0CNLr
@CBS,Mon Jan 29 03:50:25 +0000 2018,0.6114,0.312,0.688,0.0,"RT @TheSaraNoH: Thank you @RecordingAcad for helping to keep music in schools! 

#GRAMMYs"
@CBS,Mon Jan 29 03:49:19 +0000 2018,0.5994,0.394,0.606,0.0,RT @pawprintedzoe: Music is a beautiful thing #Grammys
@CBS,Mon Jan 29 03:46:27 +0000 2018,0.4588,0.273,0.727,0.0,What was your favorite #GRAMMY moment from tonight? https://t.co/x3q4ZhltV9
@CBS,Mon Jan 29 03:45:43 +0000 2018,0.8118,0.251,0.749,0.0,24K Magic is in the air at the 60th Annual #GRAMMYs! @BrunoMars wins Record Of The Year! See all of the winners her… https://t.co/jGaqsvQt7W
@CBS,Mon Jan 29 03:37:35 +0000 2018,0.6696,0.478,0.522,0.0,RT @CBSTweet: Cute family alert! @pink ? #GRAMMYs https://t.co/isveVC8aoJ
@CBS,Mon Jan 29 03:37:27 +0000 2018,0.0,0.0,1.0,0.0,"Slay all day, @sza! #GRAMMYs https://t.co/h1oCVMZE55"
@CBS,Mon Jan 29 03:34:36 +0000 2018,0.5859,0.183,0.817,0.0,CBS Stars @shemarmoore from @swatcbs and @TheRealEve from @TheTalkCBS charming the crowd at The 60th Annual #GRAMMYs https://t.co/HLnRBE2rFW
@CBS,Mon Jan 29 03:27:04 +0000 2018,0.0,0.0,1.0,0.0,"RT @Jordan_Roth: And THAT is how it’s done, kids. #Patti #GRAMMYs"
@CBS,Mon Jan 29 03:25:53 +0000 2018,0.0,0.0,1.0,0.0,??? https://t.co/VZB0QEbajw
@CBS,Mon Jan 29 03:25:26 +0000 2018,-0.5267,0.0,0.702,0.298,RT @AnnaKendrick47: Punish me with those vocals @BenSPLATT ? #GRAMMYs
@CBS,Mon Jan 29 03:24:02 +0000 2018,0.1139,0.071,0.929,0.0,"Blue Ivy doesn't wanna miss a minute of the action. ? 

Watch The #GRAMMYs now on CBS and CBS All Access:… https://t.co/26zRlvLKgl"
@CBS,Mon Jan 29 03:20:49 +0000 2018,0.0,0.0,1.0,0.0,The #GRAMMYs is a family affair...or is it? https://t.co/ohPdzp8jIZ
@CBS,Mon Jan 29 03:12:26 +0000 2018,0.0,0.0,1.0,0.0,Generations of icons come together on the #GRAMMY stage. See all of the performances from The 60th Annual #GRAMMYs… https://t.co/amGC0Lu4Di
@CBS,Mon Jan 29 03:06:30 +0000 2018,0.9854,0.792,0.208,0.0,"RT @nictothemarie: wow
wow
wow
wow
wow
wow
wow
wow
@eltonjohn @mileycyrus
having a heart EXPLOSION
#grammys"
@CBS,Mon Jan 29 03:06:26 +0000 2018,0.0,0.0,1.0,0.0,RT @FunnyManShaun: Elton John with the Liberace swag #GRAMMYs
@CBS,Mon Jan 29 03:04:50 +0000 2018,0.4404,0.326,0.674,0.0,RT @BlueBloods_CBS: Lookin' good @DonnieWahlberg ? #GRAMMYs https://t.co/7FftMSU7Do
@CBS,Mon Jan 29 03:02:43 +0000 2018,0.7574,0.245,0.755,0.0,That's what we like! @BrunoMars wins the #GRAMMY for Song of the Year. See all of The 60th Annual #GRAMMYs winners… https://t.co/op6rSMuOzv
@CBS,Mon Jan 29 02:49:24 +0000 2018,-0.1531,0.142,0.682,0.176,RT if you're crying like @HaileeSteinfeld after that moving @KeshaRose + @cyndilauper + @Camila_Cabello +… https://t.co/9qnQrhpiXy
@CBS,Mon Jan 29 02:45:57 +0000 2018,0.8899,0.419,0.581,0.0,RT @KathyLynn904: That’s was absolutely beautiful and powerful thank you @KeshaRose and all the ladies who joined her unbelievable #GRAMMYS
@CBS,Mon Jan 29 02:40:59 +0000 2018,0.5829,0.321,0.679,0.0,RT @naptural_mae: I have so much admiration for Kesha #GRAMMYs
@CBS,Mon Jan 29 02:40:57 +0000 2018,0.0,0.0,1.0,0.0,"RT @fifthpoesys: QUE PERFORMANCE MARAVILHOSA
#GRAMMYs"
@CBS,Mon Jan 29 02:37:11 +0000 2018,0.3612,0.333,0.667,0.0,RT @BaileyGrey789: Janelle. Thank you. #GRAMMYs
@CBS,Mon Jan 29 02:36:48 +0000 2018,0.7964,0.392,0.608,0.0,"RT @OnAirWithEmily: We remember, we love and we must do better. 

#GRAMMYs #Route91"
@CBS,Mon Jan 29 02:36:35 +0000 2018,0.7184,0.261,0.739,0.0,"Major Key Alert ? How amazing was that performance by @djkhaled, @rihanna and @brysontiller? See all of the perform… https://t.co/F4w9YRIR7J"
@CBS,Mon Jan 29 02:29:28 +0000 2018,0.7964,0.392,0.608,0.0,Winner @ChrisStapleton is keepin' country strong at The 60th Annual #GRAMMYs #BestCountryAlbum https://t.co/MuKqktqPGa
@CBS,Mon Jan 29 02:22:53 +0000 2018,0.3164,0.141,0.859,0.0,"Dream Team @JKCorden, @OfficialSting, and @DiRealShaggy take on Subway Car-pool Karaoke! Should @latelateshow conti… https://t.co/pImiqypXCg"
@CBS,Mon Jan 29 02:18:44 +0000 2018,-0.2755,0.0,0.81,0.19,Don't you feel like you're at The #GRAMMYs now? https://t.co/p1HEGnmbdb
@CBS,Mon Jan 29 02:15:17 +0000 2018,0.0,0.0,1.0,0.0,"RT @muvvafucker: RIHANNA IS SLAYING 
#GRAMMYS"
@CBS,Mon Jan 29 02:08:34 +0000 2018,0.0,0.0,1.0,0.0,Watching that performance by @OfficialSting and @DiRealShaggy like... #GRAMMYs https://t.co/mVwpuPvVjZ
@CBS,Mon Jan 29 02:07:10 +0000 2018,0.8271,0.288,0.712,0.0,RT @JustJoshying: #BrunoMars is gonna go down as one of the greatest performers of our generation. Never ceases to amaze #GRAMMYs
@CBS,Mon Jan 29 02:06:10 +0000 2018,0.0,0.0,1.0,0.0,This may be the first time potty training was an issue at The #GRAMMYs! ? https://t.co/cNhr6VNhWO
@CBS,Mon Jan 29 02:06:06 +0000 2018,0.9359,0.641,0.359,0.0,Congratulations to @DaveChappelle for winning Best Comedy Album at The #GRAMMYs! https://t.co/7mpY88ygdu
@CBS,Mon Jan 29 02:03:08 +0000 2018,-0.2896,0.079,0.793,0.128,"Didn't win a #GRAMMY? That's okay, you can get a consolation puppy. 

Watch The #GRAMMYs now on CBS and CBS All Acc… https://t.co/thYXMLHNgd"
@CBS,Mon Jan 29 01:56:46 +0000 2018,0.0,0.0,1.0,0.0,It's a throwback kind of night with @BrunoMars! #GRAMMYs https://t.co/43N4Mu6Ini
@CNN,Wed Feb 07 16:20:13 +0000 2018,-0.2023,0.0,0.833,0.167,Polish President signs controversial Holocaust bill into law https://t.co/sMxUy9xv7I https://t.co/N3c7q2i3E7
@CNN,Wed Feb 07 16:10:16 +0000 2018,-0.127,0.0,0.815,0.185,These Dreamers will leave the US if a DACA deal isn't reached https://t.co/I0rGs9dPAh https://t.co/QWhwMzjDoe
@CNN,Wed Feb 07 15:56:27 +0000 2018,0.7269,0.276,0.724,0.0,Democrats picked up a state House seat Tuesday in a Missouri legislative district that President Trump won easily i… https://t.co/r4yjlnfJG9
@CNN,Wed Feb 07 15:45:08 +0000 2018,0.128,0.146,0.729,0.126,At least 33 people have tested positive for HIV in northern India after a fake doctor allegedly used a tainted need… https://t.co/Xgn39WvspO
@CNN,Wed Feb 07 15:38:18 +0000 2018,0.0,0.0,1.0,0.0,"Initial planning for the military parade requested by President Trump is now underway, Chairman of the Joint Chiefs… https://t.co/lvkK93QetB"
@CNN,Wed Feb 07 15:25:28 +0000 2018,-0.4767,0.092,0.738,0.17,"Former Vice President Joe Biden on whether he'll run in 2020: ""I'm trying like hell to do everything I think ... th… https://t.co/mRIkEWHZJD"
@CNN,Wed Feb 07 15:15:37 +0000 2018,-0.5574,0.0,0.82,0.18,"The solar industry shed nearly 10,000 jobs in 2017, a 4% drop from 2016 and the first time solar jobs have fallen s… https://t.co/Ehi7xKlDL1"
@CNN,Wed Feb 07 15:00:05 +0000 2018,0.1027,0.076,0.924,0.0,The owner of the Los Angeles Times has reached a deal to sell the paper to a biotech billionaire… https://t.co/mGSgSG4AfZ
@CNN,Wed Feb 07 14:48:03 +0000 2018,0.0,0.0,1.0,0.0,"Kim Jong Un is sending his younger sister to South Korea for the Olympics, the first time any member of the Kim dyn… https://t.co/k8fhNyq7DX"
@CNN,Wed Feb 07 14:36:03 +0000 2018,0.0,0.0,1.0,0.0,Trump wants a military parade. Here's how other countries do it https://t.co/9I9B0zBb3j https://t.co/PWNslfQF4H
@CNN,Wed Feb 07 14:26:44 +0000 2018,0.0,0.0,1.0,0.0,"About 48% of Americans have HSV-1 and 12% have HSV-2, a new study says  https://t.co/pLx1SbD6cO"
@CNN,Wed Feb 07 14:10:09 +0000 2018,0.4019,0.172,0.828,0.0,How to sound smart about the yo-yoing stock market | Analysis by @CillizzaCNN https://t.co/cj1piimyqH https://t.co/3zFmiN0UmS
@CNN,Wed Feb 07 14:00:19 +0000 2018,0.5267,0.175,0.825,0.0,Justice Department watchdog briefs bipartisan group of lawmakers on its investigation into the FBI's actions during… https://t.co/k8nnrzS8vx
@CNN,Wed Feb 07 13:50:06 +0000 2018,0.0,0.0,1.0,0.0,Americans aren't going to the Olympics. Here's why: https://t.co/ObOT6woAju https://t.co/SzsFvsnDeH
@CNN,Wed Feb 07 13:40:15 +0000 2018,0.3612,0.152,0.848,0.0,The US has held military parades before. This is what they looked like: https://t.co/cNX51xsYjP https://t.co/T1SjpwMPJr
@CNN,Wed Feb 07 13:33:08 +0000 2018,0.0,0.0,1.0,0.0,"RT @NewDay: Republican Rep. Jim Jordan says a military parade is ""the President's call"" https://t.co/RnmqHLzoEE https://t.co/Bc83lYxaA6"
@CNN,Wed Feb 07 13:30:19 +0000 2018,0.0,0.0,1.0,0.0,A military parade is about the most Trumpian move possible | Analysis by @CillizzaCNN https://t.co/bkBGnk6uuB https://t.co/2Krti9UvGU
@CNN,Wed Feb 07 13:20:13 +0000 2018,0.0,0.0,1.0,0.0,President Trump wants a military parade. Here's how other countries do it https://t.co/4BYAMp7MqM https://t.co/YhEDTid6vg
@CNN,Wed Feb 07 13:10:10 +0000 2018,0.128,0.081,0.919,0.0,"SpaceX launched its #FalconHeavy rocket for the first time ever on Tuesday. Here's a look back, in pictures… https://t.co/OJAbVu8vbp"
@CNN,Wed Feb 07 13:03:05 +0000 2018,-0.1779,0.09,0.794,0.116,"RT @NewDay: DACA recipient Greisa Martinez Rosas says chief of staff John Kelly sounded like ""a bully"" when he made his comments about the…"
@CNN,Wed Feb 07 13:00:11 +0000 2018,-0.5574,0.0,0.82,0.18,"The solar industry shed nearly 10,000 jobs in 2017, a 4% drop from 2016 and the first time solar jobs have fallen s… https://t.co/T4swlAmoEh"
@CNN,Wed Feb 07 12:50:05 +0000 2018,0.0,0.0,1.0,0.0,5 numbers to prove the GOP is sticking by Trump on Russia: https://t.co/URl4uSLO9e https://t.co/vL2Isj0W0J
@CNN,Wed Feb 07 12:40:08 +0000 2018,0.4019,0.162,0.838,0.0,President Trump wants to talk to special counsel Robert Mueller despite his lawyers’ concerns… https://t.co/TwV5mfVTh1
@CNN,Wed Feb 07 12:34:40 +0000 2018,0.2519,0.099,0.84,0.061,"RT @NewDay: ""Don't bargain their lives for a wall"" says former Vice President Joe Biden: The Democrats need to continue to make it clear th…"
@CNN,Wed Feb 07 12:30:02 +0000 2018,0.0,0.0,1.0,0.0,"Former Vice President Joe Biden says he's concerned about ""naked nationalism"" of ""us against them"": ""This President… https://t.co/LdLHUzyo0r"
@CNN,Wed Feb 07 12:20:06 +0000 2018,0.0,0.0,1.0,0.0,"5 things for Wednesday:

- Politics
- Winter Olympics
- Taiwan earthquake
- Poland
- Space X launch… https://t.co/bOLSX2q2a3"
@CNN,Wed Feb 07 12:10:59 +0000 2018,0.7264,0.225,0.775,0.0,"RT @NewDay: CNN's @johnfkirby63 on Trump asking for a grand military parade: ""This is beneath us as a nation. We are the most powerful mili…"
@CNN,Wed Feb 07 12:10:07 +0000 2018,0.0,0.0,1.0,0.0,Why @CocaCola CEO James Quincey sees the perks of adopting the mentality of a technology company to lead the storie… https://t.co/XBQhQMrqFl
@CNN,Wed Feb 07 12:05:46 +0000 2018,0.1685,0.178,0.703,0.119,"RT @NewDay: Former Director of National Intelligence James Clapper says he wasn't bothered by being called ""one of the biggest liars and le…"
@CNN,Wed Feb 07 12:01:24 +0000 2018,-0.7717,0.0,0.705,0.295,Dozens of people are missing following a deadly magnitude-6.4 earthquake in Taiwan that killed at least seven peopl… https://t.co/w4jZ4mmycr
@CNN,Wed Feb 07 11:51:38 +0000 2018,0.4019,0.101,0.899,0.0,"RT @NewDay: Former VP Joe Biden: ""Everything with Trump is about him and everything about him is what the Republican Party seems to be focu…"
@CNN,Wed Feb 07 11:51:31 +0000 2018,0.7346,0.254,0.692,0.054,"Rep. Jackie Speier on President Trump's interest in a military parade: ""I was stunned by it, to be quite honest. ..… https://t.co/6RgBNF1APq"
@CNN,Wed Feb 07 11:40:10 +0000 2018,0.0,0.0,1.0,0.0,"Kim Jong Un is sending his younger sister to South Korea for the Olympics, the first time any member of the Kim dyn… https://t.co/HQnl9cJ3Wm"
@CNN,Wed Feb 07 11:35:06 +0000 2018,-0.296,0.0,0.901,0.099,Steve Wynn has stepped down as the CEO of Wynn Resorts after allegations of sexual misconduct piled pressure on the… https://t.co/uyB1hN50mr
@CNN,Wed Feb 07 11:31:03 +0000 2018,-0.4019,0.0,0.863,0.137,This is one problem only President Trump can fix -- if he wants to | Analysis by @StCollinson https://t.co/hFSZ7k1rnJ
@CNN,Wed Feb 07 11:26:16 +0000 2018,0.0,0.0,1.0,0.0,"Kim Jong Un is sending his younger sister to South Korea for the Olympics, the first time any member of the Kim dyn… https://t.co/YLYWfoeJiJ"
@CNN,Wed Feb 07 11:26:10 +0000 2018,0.0,0.0,1.0,0.0,Trump wants a military parade. Here's how other countries do it https://t.co/xM4fZv7Xtt https://t.co/HfwzFyrdwF
@CNN,Wed Feb 07 10:23:01 +0000 2018,0.0,0.0,1.0,0.0,"About 48% of Americans have HSV-1 and 12% have HSV-2, a new study says  https://t.co/hpeZDFAAuf"
@CNN,Wed Feb 07 10:01:39 +0000 2018,0.4404,0.146,0.854,0.0,Most African dwarf crocodiles are a grayish tone. But these mystery crocs are bright orange with red eyes https://t.co/AfOZmKveCm
@CNN,Wed Feb 07 09:51:01 +0000 2018,-0.7351,0.0,0.754,0.246,"Since the start of the year, more than 120 people have died as a result of the flu in Hong Kong https://t.co/i0yDs8OVFf"
@CNN,Wed Feb 07 09:40:19 +0000 2018,0.0,0.0,1.0,0.0,It's nearly Valentine's Day and your relationship has hit a rough patch. Now what? https://t.co/nXqwNIB26o
@CNN,Wed Feb 07 09:29:40 +0000 2018,-0.3818,0.0,0.885,0.115,Schools will be closed on Wednesday in parts of Tehran as severe air pollution continues to blanket the Iranian cap… https://t.co/TA4Grsm8ad
@CNN,Wed Feb 07 09:22:20 +0000 2018,0.3818,0.12,0.88,0.0,"For the first time since going public in March, Snapchat's parent company posted quarterly sales and user growth th… https://t.co/zfCNo6iHCM"
@CNN,Wed Feb 07 09:14:58 +0000 2018,-0.891,0.0,0.616,0.384,Bird flu is killing the Queen's swans. At least 30 birds from Queen Elizabeth's flock have died so far.… https://t.co/auYqrqBcm8
@CNN,Wed Feb 07 09:02:30 +0000 2018,0.296,0.155,0.845,0.0,"Former US Vice President Joe Biden on President Trump: ""He's a joke"" https://t.co/O7lFiCqP8i https://t.co/nQcU7vp26B"
@CNN,Wed Feb 07 09:01:07 +0000 2018,0.0,0.0,1.0,0.0,California deputies pulled over two hot air balloons after local residents called 911 to report them flying extreme… https://t.co/q23hUokfQ2
@CNN,Wed Feb 07 08:52:38 +0000 2018,-0.296,0.0,0.901,0.099,Steve Wynn has stepped down as the CEO of Wynn Resorts after allegations of sexual misconduct piled pressure on the… https://t.co/OU8eXuhDEV
@CNN,Wed Feb 07 08:40:06 +0000 2018,-0.25,0.075,0.8,0.125,A US Air Force B-52 bomber launched a record-setting series of strikes this week in northern Afghanistan -- droppin… https://t.co/LrkHiWkVa4
@CNN,Wed Feb 07 08:37:59 +0000 2018,0.0,0.0,1.0,0.0,"More teenagers are identifying themselves with nontraditional gender labels such as transgender or gender-fluid, ac… https://t.co/gb7xHFxqfe"
@CNN,Wed Feb 07 08:31:04 +0000 2018,0.0,0.0,1.0,0.0,"US President Donald Trump has asked for a military parade and the Pentagon is reviewing potential dates, a Pentagon… https://t.co/vGoiKgHHwp"
@CNN,Wed Feb 07 08:17:09 +0000 2018,0.0,0.0,1.0,0.0,"Meet the trendsetting Saudis moving away from lucrative government jobs to compete for posts in the private sector,… https://t.co/M7zNel47rn"
@CNN,Wed Feb 07 08:16:14 +0000 2018,0.0,0.0,1.0,0.0,SpaceX managed to guide at least 2 of the Falcon Heavy's first-stage rocket boosters to land upright back on Earth.… https://t.co/uPFZVmyqio
@CNN,Wed Feb 07 08:03:38 +0000 2018,-0.802,0.0,0.69,0.31,A Guatemalan immigrant who allegedly killed NFL player Edwin Jackson and his ride-share driver in a crash in Indian… https://t.co/c3T3gNva72
@CNN,Wed Feb 07 08:01:07 +0000 2018,0.0,0.0,1.0,0.0,"More teenagers are identifying themselves with nontraditional gender labels such as transgender or gender-fluid, ac… https://t.co/dUwO1X7pue"
@CNN,Wed Feb 07 07:56:02 +0000 2018,0.0,0.0,1.0,0.0,"Kim Jong Un is sending his younger sister to South Korea for the Olympics, the first time any member of the Kim dyn… https://t.co/Q0FskzFND4"
@CNN,Wed Feb 07 07:50:28 +0000 2018,-0.2732,0.0,0.884,0.116,"""This is a new Space Age,"" film critic Gene Seymour writes of SpaceX's #FalconHeavy launch, via @CNNOpinion https://t.co/xdHsVmKbNS"
@CNN,Wed Feb 07 07:38:05 +0000 2018,0.0,0.0,1.0,0.0,President Trump tells the Pentagon to plan a military parade https://t.co/gbED4Z51m8 https://t.co/3fnhha9epl
@CNN,Wed Feb 07 07:37:36 +0000 2018,-0.4939,0.0,0.802,0.198,Dozens of people are missing following a deadly earthquake in Taiwan. The magnitude 6.4 quake struck 13 miles north… https://t.co/cIs8lgY1JZ
@CNN,Wed Feb 07 07:35:20 +0000 2018,-0.34,0.096,0.75,0.154,"YouTube star Kian Lawley will not appear in the upcoming adaptation of bestselling young adult novel ""The Hate U Gi… https://t.co/IIYHIV8CK9"
@CNN,Wed Feb 07 07:31:02 +0000 2018,-0.1027,0.0,0.92,0.08,A federal judge whose impartiality was questioned by then-candidate Donald Trump because of his Mexican heritage is… https://t.co/FBfoT646Ds
@CNN,Wed Feb 07 07:21:28 +0000 2018,-0.8428,0.0,0.638,0.362,"Dozens of people are missing following a deadly earthquake in Taiwan, with more than 40 feared trapped in a multi-s… https://t.co/ZnQduPfpLx"
@CNN,Wed Feb 07 07:15:47 +0000 2018,-0.25,0.0,0.867,0.133,Stock market rebound stutters in Asia after wild day on Wall Street https://t.co/L3sYxjNvSR https://t.co/adx7JWn0kw
@CNN,Wed Feb 07 07:13:22 +0000 2018,0.0,0.0,1.0,0.0,First-time mom Kylie Jenner reveals that she has named her daughter Stormi https://t.co/UrP8HqIazC https://t.co/NWmAbseTFH
@CNN,Wed Feb 07 07:01:05 +0000 2018,0.0,0.0,1.0,0.0,First-time mom Kylie Jenner reveals that she has named her daughter Stormi https://t.co/H5B7y6ugCy https://t.co/zuGhirAWeW
@CNN,Wed Feb 07 06:54:42 +0000 2018,0.0,0.0,1.0,0.0,"""Game of Thrones"" creators David Benioff and D.B. Weiss are pivoting from dragonglass to lightsabers https://t.co/vplX0nDLWD"
@CNN,Wed Feb 07 06:46:06 +0000 2018,-0.6249,0.0,0.785,0.215,Donald Trump testifying before Bob Mueller would be a total disaster | Analysis by CNN's Chris Cillizza… https://t.co/O7iYPpj4aw
@CNN,Wed Feb 07 06:37:30 +0000 2018,0.4019,0.13,0.87,0.0,"North Korea has requested extra oil to help refuel a ship carrying members of its Olympic delegation, Seoul's Unifi… https://t.co/heYk6eSOSe"
@CNN,Wed Feb 07 06:32:33 +0000 2018,-0.4404,0.0,0.873,0.127,Former US Vice President Joe Biden on President Trump’s attacks on the FBI: “What do you think they’re thinking in… https://t.co/hhPF2vEEkX
@CNN,Wed Feb 07 06:31:07 +0000 2018,0.0,0.0,1.0,0.0,Trump's the decider when it comes to immigration. Will he? | Analysis by @StCollinson https://t.co/3vGd7NK95w
@CNN,Wed Feb 07 06:23:06 +0000 2018,0.0,0.0,1.0,0.0,Trump wants a military parade. Here's how other countries do it https://t.co/OZG3T4uJ3g https://t.co/JTxdy2wrYB
@CNN,Wed Feb 07 06:16:08 +0000 2018,0.0,0.0,1.0,0.0,How President Donald Trump's stock market stacks up against his predecessors https://t.co/0tnz4rinEP https://t.co/eDRyMBagf4
@CNN,Wed Feb 07 06:09:05 +0000 2018,0.128,0.086,0.914,0.0,"SpaceX just launched its #FalconHeavy rocket for the first time ever. Here's a look back, in pictures… https://t.co/4wPpFlCr9W"
@CNN,Wed Feb 07 06:02:01 +0000 2018,-0.6124,0.0,0.818,0.182,FEMA gave a $156 million contract to a small company to provide 30 million meals after Hurricane Maria devastated P… https://t.co/MCpDTpN61X
@CNN,Wed Feb 07 05:57:39 +0000 2018,-0.3612,0.0,0.884,0.116,"RT @OutFrontCNN: When the chips are down... #Doritos doubles down on loud, messy snack, considers crafting a quieter, ""lady"" version.  The…"
@CNN,Wed Feb 07 05:57:08 +0000 2018,0.128,0.073,0.927,0.0,SpaceX has launched its #FalconHeavy rocket from Kennedy Space Center in Florida. Here's how it stacks up with some… https://t.co/l1ayWuYoi9
@CNN,Wed Feb 07 05:56:54 +0000 2018,-0.5106,0.117,0.628,0.255,United Nations human rights experts are investigating reports of alleged chlorine bomb attacks on civilians in two… https://t.co/xzT22jwUAA
@CNN,Wed Feb 07 05:46:07 +0000 2018,-0.7906,0.0,0.708,0.292,"Taiwan 6.4-magnitude earthquake | What we know 

• At least four people are dead and 225 injured
• As of Wednesday… https://t.co/ckSr4A4xGz"
@CNN,Wed Feb 07 05:46:05 +0000 2018,-0.3818,0.0,0.825,0.175,"FDA commissioner warns the public about the herbal supplement kratom, saying ""there is no evidence to indicate that… https://t.co/wOWjrCLvfU"
@CNN,Wed Feb 07 05:41:47 +0000 2018,-0.6641,0.0,0.708,0.292,"RT @CNNTonight: ""The President continues to be irresponsible. ... It is not a joking matter for anyone to accuse a fellow American of treas…"
@CNN,Wed Feb 07 05:40:29 +0000 2018,0.4019,0.101,0.899,0.0,RT @CNNTonight: Eagles Torrey Smith on decision to not visit WH: If I told you that I was invited to a party by an individual that has said…
@CNN,Wed Feb 07 05:31:04 +0000 2018,-0.3182,0.0,0.892,0.108,"""We don't live in a dictatorship or a monarchy"": Sen. Tammy Duckworth, an Army veteran who lost her legs while serv… https://t.co/4Qtw0AStMY"
@CNN,Wed Feb 07 05:21:08 +0000 2018,0.0,0.0,1.0,0.0,"""There are plenty of guys who said they do not plan on going.""

Philadelphia Eagles wide receiver Torrey Smith on T… https://t.co/4dU4nAyitf"
@CNN,Wed Feb 07 05:16:07 +0000 2018,0.6705,0.333,0.667,0.0,A divided Supreme Court grants North Carolina Republicans a partial victory in a gerrymander case… https://t.co/ltTLsv8PnO
@CNN,Wed Feb 07 05:13:35 +0000 2018,0.0,0.0,1.0,0.0,Donald Trump is bringing everyone down to his level | Michael D'Antonio writes for @CNNOpinion https://t.co/OatuZPfrXg
@CNN,Wed Feb 07 05:07:03 +0000 2018,0.3566,0.156,0.759,0.085,Japan's Princess Mako and her commoner fiance Kei Komuro have postponed their highly anticipated engagement and wed… https://t.co/FeoNxZCawG
@CNN,Wed Feb 07 05:01:07 +0000 2018,-0.891,0.0,0.616,0.384,Bird flu is killing the Queen's swans. At least 30 birds from Queen Elizabeth's flock have died so far.… https://t.co/Bxl0NnPhLV
@CNN,Wed Feb 07 05:00:59 +0000 2018,0.3818,0.12,0.88,0.0,"For the first time since going public in March, Snapchat's parent company posted quarterly sales and user growth th… https://t.co/oUszz0suO3"
@CNN,Wed Feb 07 04:46:10 +0000 2018,-0.5994,0.0,0.804,0.196,"The mystery surrounding the death of US Border Patrol agent Rogelio ""Roger"" Martinez continues. A medical examiner… https://t.co/Ly7t2JWY96"
@CNN,Wed Feb 07 04:31:56 +0000 2018,-0.296,0.0,0.896,0.104,US Vice President Mike Pence arrived in Tokyo Tuesday night on a swing though Asia intended to intensify pressure o… https://t.co/mUTqbWS5Ps
@CNN,Wed Feb 07 04:31:04 +0000 2018,-0.3291,0.0,0.847,0.153,"John Kelly's DACA comments anger Democrats, but everyone stays at the table https://t.co/fi60sMHhxV https://t.co/AAmlT8Ec1f"
@CNN,Wed Feb 07 04:20:58 +0000 2018,-0.6486,0.0,0.813,0.187,"RT @CNNTonight: .@DonLemon returns to CNN after the tragic loss of his sister: ""This is exactly where she would have wanted me to be"" https…"
@CNN,Wed Feb 07 04:17:11 +0000 2018,0.0,0.0,1.0,0.0,"RT @CNNTonight: Rep. Lee Zeldin on President Trump seeking a military parade: ""Cost would be factor"" https://t.co/mWfwQpfSg7 https://t.co/M…"
@CNN,Wed Feb 07 04:17:07 +0000 2018,0.0,0.0,1.0,0.0,"""Game of Thrones"" creators David Benioff and D.B. Weiss are pivoting from dragonglass to lightsabers https://t.co/OBDG3IcPVd"
@CNN,Wed Feb 07 04:16:01 +0000 2018,0.0,0.0,1.0,0.0,Devin Nunes' Trumpian media strategy | By @brianstelter via @CNNMoney https://t.co/ShDYAgUJ3z https://t.co/L4oNMkLNd7
@CNN,Wed Feb 07 04:14:28 +0000 2018,0.0,0.0,1.0,0.0,WH chief of staff John Kelly says he expects law enforcement and intel authorities to give their recommendations on… https://t.co/SL9R18EMQf
@CNN,Wed Feb 07 04:01:08 +0000 2018,0.128,0.086,0.914,0.0,"SpaceX just launched its #FalconHeavy rocket for the first time ever. Here's a look back, in pictures… https://t.co/0RESyUG2r3"
@CNN,Wed Feb 07 03:57:50 +0000 2018,-0.3818,0.0,0.885,0.115,Schools will be closed on Wednesday in parts of Tehran as severe air pollution continues to blanket the Iranian cap… https://t.co/Dskq6TzdlB
@CNN,Wed Feb 07 03:51:05 +0000 2018,0.5267,0.175,0.825,0.0,The Justice Department watchdog briefed a bipartisan group of lawmakers on its investigation into the FBI's actions… https://t.co/Vm56fuMbcp
@CNN,Wed Feb 07 03:46:06 +0000 2018,0.2023,0.114,0.886,0.0,House Democrats move their retreat to DC ahead of potential votes this week https://t.co/zfu8YodAML https://t.co/CM8bOXAclo
@CNN,Wed Feb 07 03:45:15 +0000 2018,-0.25,0.075,0.8,0.125,A US Air Force B-52 bomber launched a record-setting series of strikes this week in northern Afghanistan -- droppin… https://t.co/JupudAo8Fa
@CNN,Wed Feb 07 03:33:52 +0000 2018,-0.6124,0.065,0.739,0.196,"The US military has completed its investigation into the Niger ambush that killed four US soldiers, defense officia… https://t.co/WGn6XV3VGW"
@FoxNews,Wed Feb 07 16:24:58 +0000 2018,-0.3818,0.0,0.833,0.167,".@VP: ""North Korea... continues to threaten our country, Japan, and the wider world."" https://t.co/atgRnLM6OW"
@FoxNews,Wed Feb 07 16:17:17 +0000 2018,-0.6124,0.0,0.75,0.25,Sharon Tate's sister slams Hilary Duff's 'tacky' film about the Manson murders https://t.co/5CRvWB1LQ1
@FoxNews,Wed Feb 07 16:12:45 +0000 2018,0.0609,0.189,0.632,0.179,".@BlakemanB: ""@TheDemocrats have got to learn to love America more than they hate the President."" https://t.co/OYOxwpKMZD"
@FoxNews,Wed Feb 07 16:09:17 +0000 2018,-0.4019,0.0,0.847,0.153,"RT @FoxBusiness: .@JCLayfield: ""I think inflation is one of the biggest problems in the market."" https://t.co/n77JzN4F1c"
@FoxNews,Wed Feb 07 16:06:19 +0000 2018,-0.5994,0.0,0.782,0.218,".@davidaxelrod, former senior adviser to @BarackObama, slammed President @realDonaldTrump's response to the death o… https://t.co/beRpqYY2Ey"
@FoxNews,Wed Feb 07 16:02:04 +0000 2018,0.0,0.0,1.0,0.0,".@BlakemanB: ""@realDonaldTrump has been a transformational president. He says things that only people have thought… https://t.co/aE7oHqDiU1"
@FoxNews,Wed Feb 07 15:55:02 +0000 2018,0.0,0.0,1.0,0.0,".@WayneDupreeShow: ""Every since @POTUS talked about building the wall, I've been on board. I have two daughters. Th… https://t.co/Xf2i49TvsV"
@FoxNews,Wed Feb 07 15:49:01 +0000 2018,0.1531,0.223,0.638,0.138,"Lt. Col. Ralph Peters: ""The French march well. We fight well. Take your pick."" https://t.co/XxLV7CtYAY"
@FoxNews,Wed Feb 07 15:48:27 +0000 2018,-0.34,0.0,0.854,0.146,"Debora Perez, Argentine journalist, dies after going into cardiac arrest during endoscopy, reports say https://t.co/xKNTvknqAY"
@FoxNews,Wed Feb 07 15:38:18 +0000 2018,0.1326,0.213,0.62,0.167,".@Richardafowler: ""You don't joke about treason. You don't."" https://t.co/wBWDmzUX87"
@FoxNews,Wed Feb 07 15:34:27 +0000 2018,0.4754,0.205,0.795,0.0,".@Varneyco: ""In the end, we're up 567 points. That's a very nice rebound."" https://t.co/Pjpa811yhS"
@FoxNews,Wed Feb 07 15:34:01 +0000 2018,0.296,0.239,0.761,0.0,News Alert: Dow up in early trading. https://t.co/MMVUxbyTK5
@FoxNews,Wed Feb 07 15:29:33 +0000 2018,0.0,0.0,1.0,0.0,".@RepMcSally: ""The laws have to be changed. Right now, DHS officials cannot deport somebody because they're a gang… https://t.co/nKM6kaw37L"
@FoxNews,Wed Feb 07 15:23:44 +0000 2018,0.5267,0.254,0.746,0.0,FBI lovers' latest text messages: Obama 'wants to know everything' https://t.co/Q47JviOgSz
@FoxNews,Wed Feb 07 15:20:20 +0000 2018,0.34,0.13,0.87,0.0,".@RepMcSally: ""Our border security of the past is not working. Our immigration policies are not working."" https://t.co/nFCEi5r2VN"
@FoxNews,Wed Feb 07 15:19:59 +0000 2018,0.0,0.0,1.0,0.0,".@RepMcSally: ""It's just another case of somebody who shouldn't be in our country and now two lives have been lost.… https://t.co/Df9ECVBv7X"
@FoxNews,Wed Feb 07 15:18:30 +0000 2018,0.0,0.0,1.0,0.0,'Kim Jong Un's Ivanka' set for Winter Olympics visit with North Korean delegation https://t.co/fGR6biCb4j
@FoxNews,Wed Feb 07 15:12:31 +0000 2018,0.743,0.31,0.69,0.0,"New Hampshire woman won $560 million jackpot last month, sues to protect identity; @BryanLlenas reports. https://t.co/PmQ8OaKWId"
@FoxNews,Wed Feb 07 15:06:28 +0000 2018,-0.7003,0.0,0.707,0.293,"On Twitter, actor @RealJamesWoods reacted to the story of a twice-deported Guatemalan illegal immigrant accused of… https://t.co/9jmBRn4tFX"
@FoxNews,Wed Feb 07 14:56:52 +0000 2018,0.0,0.0,1.0,0.0,RT @FoxBusiness: #StockAlert: Dow higher after mixed open https://t.co/R1rWHCu2Rb https://t.co/ZcWV6FBdzk
@FoxNews,Wed Feb 07 14:56:09 +0000 2018,0.0,0.0,1.0,0.0,".@RepBradWenstrup: ""[@TheDemocrats] should follow with the precedent they set with us."" #Memo https://t.co/8YvFy8Ezwb"
@FoxNews,Wed Feb 07 14:48:36 +0000 2018,-0.6124,0.0,0.643,0.357,Army veteran thwarts armed 'Batman' robber in casino (via @luciasuarezsang)  https://t.co/fO5sU5IAQs
@FoxNews,Wed Feb 07 14:47:06 +0000 2018,0.0,0.0,1.0,0.0,Happening Now: @WhiteHouse weighing Democratic memo release. https://t.co/eKfQFAMFzC https://t.co/DyvtYffaZA
@FoxNews,Wed Feb 07 14:41:44 +0000 2018,-0.4404,0.0,0.818,0.182,"Scott Baio's molestation accuser Nicole Eggert files police report against him, report says https://t.co/EWdjWAYy6r"
@FoxNews,Wed Feb 07 14:34:12 +0000 2018,-0.8807,0.0,0.579,0.421,The illegal immigrant accused of killing Indianapolis @Colts linebacker Edwin Jackson and Uber driver Jeffrey Monro… https://t.co/mK5rWBeieY
@FoxNews,Wed Feb 07 14:29:15 +0000 2018,-0.6597,0.071,0.672,0.256,"Woody Allen could cost Netflix, Amazon millions if nobody will work with 'dirty bomb' of a director (via @SashaFB) https://t.co/sSE1HGVsS2"
@FoxNews,Wed Feb 07 14:27:49 +0000 2018,0.5994,0.308,0.692,0.0,"SpaceX Falcon Heavy launch wows space experts, heralds new era of exploration https://t.co/xSiU9iqxaj"
@FoxNews,Wed Feb 07 14:25:20 +0000 2018,0.0,0.0,1.0,0.0,.@dailybriefing team to train service dog for Canine Companions for Independence https://t.co/nfX2l5nHoW
@FoxNews,Wed Feb 07 14:20:57 +0000 2018,0.0,0.0,1.0,0.0,'Kim Jong Un's Ivanka' set for Winter Olympics visit with North Korean delegation https://t.co/MFDCMs6h6F
@FoxNews,Wed Feb 07 13:55:01 +0000 2018,0.0,0.0,1.0,0.0,Stuart Varney on immigration changes: “We’re at a point where we could get a deal. President Trump should push for… https://t.co/zrId1ic89X
@FoxNews,Wed Feb 07 13:51:41 +0000 2018,0.0,0.0,1.0,0.0,.@replouiegohmert on New Texts: We Need to Find Out What Obama Knew &amp; When He Knew It https://t.co/aN0l7igtP4
@FoxNews,Wed Feb 07 13:48:28 +0000 2018,0.6249,0.305,0.591,0.103,"RT @FoxBusiness: Chipotle rolls out new benefits, cash bonuses due to tax cut $CMG https://t.co/AuXFvuz0ML"
@FoxNews,Wed Feb 07 13:16:30 +0000 2018,0.0,0.0,1.0,0.0,.@replouiegohmert: “We’ve got to actually have the facts. We need to get to the bottom of this.”… https://t.co/JFfwthhtp6
@FoxNews,Wed Feb 07 13:07:13 +0000 2018,0.6249,0.321,0.57,0.109,".@ChipotleTweets rolls out new benefits, cash bonuses due to tax cut (via @FoxBusiness) https://t.co/krmBjZWxmd"
@FoxNews,Wed Feb 07 13:05:22 +0000 2018,0.4939,0.176,0.824,0.0,Jay Schwandt: “We enjoy every second of it…Everything we do is centered around family.” https://t.co/MdjSKtlS2X… https://t.co/WqomDupaMc
@FoxNews,Wed Feb 07 13:03:25 +0000 2018,0.0,0.0,1.0,0.0,"“Patience, prayer, and time management.” – Kateri Schwandt on the key to being a parent of 13 children… https://t.co/E2Bzw2up9G"
@FoxNews,Wed Feb 07 13:00:07 +0000 2018,0.0,0.0,1.0,0.0,Kateri Schwandt: The thought of a girl changes everything. https://t.co/MdjSKtlS2X @foxandfriends https://t.co/4ujJiyL1Pz
@FoxNews,Wed Feb 07 12:57:25 +0000 2018,-0.2732,0.0,0.877,0.123,"A residential building leans on a collapsed first floor following an earthquake in Hualien, southern Taiwan. Crews… https://t.co/SvcXcGIb9A"
@FoxNews,Wed Feb 07 12:52:21 +0000 2018,0.0,0.0,1.0,0.0,.@JaniceDean gives an update on the weather on @foxandfriends https://t.co/dsLwnZHwSR
@FoxNews,Wed Feb 07 12:48:00 +0000 2018,0.69,0.275,0.725,0.0,Paul Reiser explains how he convinced Johnny Carson's nephew to help bring 'There's... Johnny!' to life https://t.co/cRcZUwBY9d
@FoxNews,Wed Feb 07 12:45:10 +0000 2018,0.0,0.0,1.0,0.0,".@ToddRokita: The president is exactly right…If we’re going to be a sovereign nation, we’ve got to have a border.… https://t.co/MpA7e7fNhl"
@FoxNews,Wed Feb 07 12:33:31 +0000 2018,0.0,0.0,1.0,0.0,".@charliekirk11 on the GOP memo: “It’s just the very, very beginning of what’s going to be a long-standing investig… https://t.co/Hdnoycq6xw"
@FoxNews,Wed Feb 07 12:26:33 +0000 2018,0.0772,0.091,0.909,0.0,".@Jehmu on @FoxFriendsFirst: “Americans want the truth…As Americans, we can handle the truth.” https://t.co/E30munTACu"
@FoxNews,Wed Feb 07 12:17:57 +0000 2018,0.0,0.0,1.0,0.0,".@POTUS establishes National Vetting Center to screen immigrants, others seeking to enter U.S.… https://t.co/6rFie9RFNl"
@FoxNews,Wed Feb 07 12:13:21 +0000 2018,0.0,0.0,1.0,0.0,.@POTUS orders military 'celebration' https://t.co/MgqrL5yscK @foxandfriends https://t.co/dyYj8BZfZu
@FoxNews,Wed Feb 07 12:08:16 +0000 2018,0.0,0.0,1.0,0.0,"Penguins, whales and avalanches: Antarctica's coolest campsite offers 'once in a lifetime' experience https://t.co/JJAIkuGBFN"
@FoxNews,Wed Feb 07 12:02:35 +0000 2018,0.0,0.0,1.0,0.0,.@POTUS pushes back at Democrats on immigration changes https://t.co/kjeyLDdWI9 @FoxFriendsFirst https://t.co/UUZpaR241E
@FoxNews,Wed Feb 07 11:54:55 +0000 2018,0.0,0.0,1.0,0.0,Dawn breaks over #CapitolHill in Washington on February 6. https://t.co/UOXpbDfafr
@FoxNews,Wed Feb 07 11:51:55 +0000 2018,0.5267,0.221,0.779,0.0,JUST IN: FBI lovers' latest text messages: Obama 'wants to know everything' https://t.co/SvQd9K4iDu
@FoxNews,Wed Feb 07 11:30:04 +0000 2018,0.0,0.0,1.0,0.0,"MEET SPIKE! ""The @DailyBriefing"" Executive Producer Jennifer Williams begins the journey of raising and training a… https://t.co/HSpnFZWwKJ"
@FoxNews,Wed Feb 07 11:06:52 +0000 2018,-0.5106,0.0,0.699,0.301,"Suspected drunk driver wedges Lamborghini underneath trailer, police say (via @RyanGaydos) https://t.co/iz8URSQE3a"
@FoxNews,Wed Feb 07 11:05:19 +0000 2018,0.0,0.0,1.0,0.0,More texts between Strzok and Page uncovered (via @JakeBGibson) https://t.co/SvQd9K4iDu
@FoxNews,Wed Feb 07 11:00:01 +0000 2018,0.0,0.0,1.0,0.0,Cornell University frat disciplined for sex contest dubbed 'Pig Roast' https://t.co/yoWjLiLSKG
@FoxNews,Wed Feb 07 10:55:04 +0000 2018,0.7745,0.252,0.748,0.0,".@kilmeade: ""This is so easy a deal it could be the first time in 20 years we've got legitimate improvement on the… https://t.co/mhqp9GGafY"
@FoxNews,Wed Feb 07 10:45:03 +0000 2018,0.0,0.0,1.0,0.0,"Former Deputy Assistant Attorney General Tom Dupree on @POTUS possibly being interviewed by Mueller: ""The argument… https://t.co/RGV5mevlwG"
@FoxNews,Wed Feb 07 10:40:00 +0000 2018,0.0,0.0,1.0,0.0,NYC boy dies after saving pal who fell through frozen pond https://t.co/simG8wlYve
@FoxNews,Wed Feb 07 10:35:04 +0000 2018,0.4404,0.162,0.838,0.0,".@TGowdySC: ""There are good people in public service on both sides of the aisle."" #TheStory https://t.co/XjGXjwAHxc"
@FoxNews,Wed Feb 07 10:30:00 +0000 2018,0.5994,0.218,0.782,0.0,".@Eagles fans left autistic son, 6, outside bar and watched Super Bowl, cops say https://t.co/m9p0Qpvprn"
@FoxNews,Wed Feb 07 10:25:02 +0000 2018,0.0,0.0,1.0,0.0,"Former U.S. Attorney Joe DiGenova: ""Now we know that additional Clinton allies...were involved in the transmission… https://t.co/Qt9Gdja6JV"
@FoxNews,Wed Feb 07 10:20:00 +0000 2018,0.0,0.0,1.0,0.0,Teen girl dies in fall from cliff hike at Zion National Park https://t.co/hwlgyXtlcC
@FoxNews,Wed Feb 07 10:15:03 +0000 2018,0.6369,0.167,0.833,0.0,".@brithume: ""[@HillaryClinton] is doing her best to find a way to look at this and a way to frame it that makes it… https://t.co/UUbq9o4h2d"
@FoxNews,Wed Feb 07 10:10:00 +0000 2018,-0.4019,0.0,0.803,0.197,"Democrats flip deep-red Missouri state House seat, signal problems for GOP https://t.co/wunhl4PJow"
@FoxNews,Wed Feb 07 10:05:04 +0000 2018,0.0,0.0,1.0,0.0,".@TGowdySC on Mueller probe: ""There may or may not be crimes, domestic crimes associated with that, but it's a fore… https://t.co/u5tgb4q62I"
@FoxNews,Wed Feb 07 09:50:00 +0000 2018,0.0,0.0,1.0,0.0,"Some Muslim immigrants should be watched 'long-term,' draft DHS report says https://t.co/rCpxciVqQ8"
@FoxNews,Wed Feb 07 09:46:33 +0000 2018,-0.7845,0.0,0.592,0.408,Taiwan earthquake leaves several dead as rescuers desperately search for survivors https://t.co/VYmcZXimLG
@FoxNews,Wed Feb 07 09:44:17 +0000 2018,0.6249,0.242,0.758,0.0,".@JoeBorelliNYC: ""All the president is asking for @TheDemocrats to do is support border security measures that they… https://t.co/zEC5OaJMYn"
@FoxNews,Wed Feb 07 09:38:49 +0000 2018,0.4215,0.135,0.865,0.0,".@Jehmu: ""Our @POTUS is a drama queen. He likes the drama of the possibility of the government shutting down.""… https://t.co/ftcRxDC5Af"
@FoxNews,Wed Feb 07 09:27:02 +0000 2018,-0.4215,0.0,0.612,0.388,Connecticut man sentenced for neglecting 94-year-old father https://t.co/bjCIeJi3Uj
@FoxNews,Wed Feb 07 09:22:13 +0000 2018,0.0,0.0,1.0,0.0,"#Trump orders military 'celebration' in Washington, DC https://t.co/MgqrL5yscK https://t.co/YbzBdx8xZ4"
@FoxNews,Wed Feb 07 09:19:27 +0000 2018,0.0,0.0,1.0,0.0,.@VP continues Japan trip for unity against North Korea https://t.co/ef1xVid0WY
@FoxNews,Wed Feb 07 09:10:01 +0000 2018,0.4215,0.135,0.865,0.0,"A United States Coast Guard HC-130 Hercules gets washed at Air Station Barbers Point, Hawaii. Crew members rinse th… https://t.co/0C2CQa6y4O"
@FoxNews,Wed Feb 07 09:09:32 +0000 2018,0.0,0.0,1.0,0.0,"Moments ago, @vp Mike Pence issued this announcement during a joint press conference with Japanese Prime Minister S… https://t.co/0i5uJMgJzZ"
@FoxNews,Wed Feb 07 09:00:05 +0000 2018,-0.5423,0.0,0.837,0.163,"Acting Assistant Attorney Gen. John Cronan:  ""Our investigations have revealed that when we fail to enforce our imm… https://t.co/uyDYeX2v0K"
@FoxNews,Wed Feb 07 08:55:00 +0000 2018,-0.4628,0.0,0.749,0.251,Katy Perry says 'I don't want to hold on to childhood trauma anymore' https://t.co/pkivVdSE8w
@FoxNews,Wed Feb 07 08:50:03 +0000 2018,0.0,0.0,1.0,0.0,"Former Deputy Assistant Attorney General Tom Dupree: ""I think the @WhiteHouse is taking exactly the correct approac… https://t.co/udMqHYhmRi"
@FoxNews,Wed Feb 07 08:45:00 +0000 2018,-0.4404,0.0,0.818,0.182,"Scott Baio's molestation accuser Nicole Eggert files police report against him, report says https://t.co/biHAMncH8A"
@FoxNews,Wed Feb 07 08:40:03 +0000 2018,0.7003,0.266,0.734,0.0,".@DevinNunes: ""It's pretty clear now you have the #Clinton campaign who was getting information from the Russians,… https://t.co/0DpZK2UF2S"
@FoxNews,Wed Feb 07 08:35:00 +0000 2018,-0.4404,0.0,0.756,0.244,Philippine government crushes dozens of luxury and classic cars https://t.co/EMOhn9ynZs
@FoxNews,Wed Feb 07 08:30:07 +0000 2018,0.0,0.0,1.0,0.0,"Mary Ann Mendoza: ""I put a message out to the politicians, @NancyPelosi, @SenSchumer: which child of yours would yo… https://t.co/lq2d5fRX3v"
@FoxNews,Wed Feb 07 08:25:00 +0000 2018,-0.7351,0.0,0.563,0.437,Virginia teen girl's mom faces suspected killer in court https://t.co/G5XFTjyOZq
@FoxNews,Wed Feb 07 08:20:02 +0000 2018,0.6597,0.329,0.671,0.0,".@RepJayapal: ""The Republican Party used to be a party of family values."" #Tucker https://t.co/XjNLXrwCAi"
@FoxNews,Wed Feb 07 08:15:06 +0000 2018,0.0,0.0,1.0,0.0,.@RichEdsonDC sat down with Secretary of State Rex Tillerson to discuss possible Russian interference in 2018 midte… https://t.co/y3fRy2kffE
@FoxNews,Wed Feb 07 08:10:00 +0000 2018,0.2023,0.153,0.847,0.0,WATCH: @TGowdySC Relives Top 'Grillings' of Bureaucrats on Capitol Hill https://t.co/sIjzpHBuZk
@FoxNews,Wed Feb 07 08:05:04 +0000 2018,-0.1341,0.132,0.712,0.157,".@TGowdySC: ""I never allege a conspiracy when simple incompetence will suffice as an explanation. I don't look for… https://t.co/vCn5z19mAn"
@FoxNews,Wed Feb 07 08:00:03 +0000 2018,0.0,0.0,1.0,0.0,"#Trump establishes National Vetting Center to screen immigrants, others seeking to enter US https://t.co/1Ar0LKU1fC"
@FoxNews,Wed Feb 07 07:57:05 +0000 2018,0.5719,0.239,0.761,0.0,"WATCH: @SpaceX successfully launched its #FalconHeavy rocket on Tuesday, making history as the world's most powerfu… https://t.co/3rFtaHF2D7"
@FoxNews,Wed Feb 07 07:55:05 +0000 2018,-0.8479,0.0,0.675,0.325,"Acting Assistant Attorney Gen. John Cronan: ""MS-13 is probably the most violent &amp; ruthless gang terrorizing our str… https://t.co/18cqNBf1Z1"
@FoxNews,Wed Feb 07 07:50:00 +0000 2018,0.0,0.0,1.0,0.0,"#Trump orders military 'celebration' in Washington, DC https://t.co/MgqrL5yscK"
@FoxNews,Wed Feb 07 07:45:01 +0000 2018,-0.4019,0.0,0.856,0.144,".@DevinNunes: ""[Republicans] were begging the #Obama administration to do something about the Russia problem, and t… https://t.co/vZ91TUYdJY"
@FoxNews,Wed Feb 07 07:40:00 +0000 2018,-0.5574,0.0,0.795,0.205,'Game of Thrones' creators will write a series of new 'Star Wars' films following Season 8 https://t.co/4tcnCJyZWo
@FoxNews,Wed Feb 07 07:35:01 +0000 2018,0.7902,0.318,0.682,0.0,".@TGowdySC: ""It's partly a lifestyle decision, and partly, I'm just more comfortable in the Justice System. I just… https://t.co/YDEbqepkCV"
@FoxNews,Wed Feb 07 07:30:01 +0000 2018,-0.8481,0.0,0.573,0.427,"Missouri mom believed to have killed husband, baby, herself; postpartum depression eyed https://t.co/jFKfhIuxNl"
@FoxNews,Wed Feb 07 07:25:04 +0000 2018,-0.9274,0.0,0.601,0.399,"Mary Ann Mendoza, son killed by illegal immigrant: ""A lot of these people who killed our children came here for a b… https://t.co/AD72FWzrQe"
@FoxNews,Wed Feb 07 07:22:04 +0000 2018,-0.8885,0.0,0.618,0.382,"""We need to come first.""

Mary Ann Mendoza, the mother of a law enforcement officer killed by a drunk illegal immig… https://t.co/KwZT073cav"
@FoxNews,Wed Feb 07 07:20:00 +0000 2018,-0.4215,0.0,0.797,0.203,Former Alaska Airlines pilot pleads guilty to flying under the influence https://t.co/KxBN8PnOvk
@FoxNews,Wed Feb 07 07:15:03 +0000 2018,0.7003,0.266,0.734,0.0,"Historian David Garrow: ""I'm very worried...at how people are giving up their principles, their civil liberty princ… https://t.co/ishEUdB7BE"
@FoxNews,Wed Feb 07 07:10:00 +0000 2018,0.0,0.0,1.0,0.0,Fast food restaurants may be healthier than five-star restaurants https://t.co/sbNGt8P92m
@FoxNews,Wed Feb 07 07:05:05 +0000 2018,0.3089,0.117,0.883,0.0,".@TGowdySC: ""It's not the judge's fault if material information was not provided to him or her."" #TheStory https://t.co/5hdk5MDOal"
@FoxNews,Wed Feb 07 07:00:01 +0000 2018,-0.3612,0.0,0.884,0.116,'The Leaders of the Witch Hunt Are Witches': #Tucker Blasts Adam Schiff for Appearing on Russian TV Despite Rhetoric https://t.co/FPfH18IVQD
@FoxNews,Wed Feb 07 06:55:04 +0000 2018,0.802,0.369,0.631,0.0,.@POTUS: “We need much better border mechanisms and much better border security. We need the wall.” https://t.co/MGFLCT3F1Z
@FoxNews,Wed Feb 07 06:50:00 +0000 2018,-0.3182,0.0,0.827,0.173,"Taraji P. Henson drops manager, Vincent Cirrincione, after sexual misconduct accusations https://t.co/eN0v2OfhGi"
@nytimes,Wed Feb 07 16:26:02 +0000 2018,0.0,0.0,1.0,0.0,RT @NYTNational: The Idaho state legislature stripped all mentions of human-caused climate change from statewide science guidelines. Now te…
@nytimes,Wed Feb 07 16:16:03 +0000 2018,0.3612,0.122,0.878,0.0,"""Actually, we start thinking about snow in August."" How New York gets its fleet ready for snow storms: https://t.co/atKw0o0ynY"
@nytimes,Wed Feb 07 16:10:47 +0000 2018,0.25,0.132,0.784,0.083,"The Senate is nearing a 2-year spending deal that could help avert a shutdown, despite objections by President Trum… https://t.co/h7mvDT3iDU"
@nytimes,Wed Feb 07 16:06:04 +0000 2018,0.0,0.0,1.0,0.0,"Libya is a haven for ISIS. And as President Trump has wavered on a strategy there, Russia has quietly entrenched it… https://t.co/5vp6lGEFBX"
@nytimes,Wed Feb 07 15:56:04 +0000 2018,0.0,0.0,1.0,0.0,They jokingly asked Clint Eastwood to direct direct their story. He ended up casting them in it. https://t.co/2YqjgdmLdB
@nytimes,Wed Feb 07 15:46:05 +0000 2018,0.0,0.0,1.0,0.0,Opinion: Everyone is going all the way https://t.co/Vba1DreulB
@nytimes,Wed Feb 07 15:36:03 +0000 2018,0.5859,0.192,0.808,0.0,"RT @nytgraphics: Democrats need to win 28 seats to control the Senate.
Republicans need only 8.
https://t.co/HMd2Z6ItzX"
@nytimes,Wed Feb 07 15:26:06 +0000 2018,0.5106,0.18,0.82,0.0,"""We are running out of words, to be honest, to describe it,"" a UN official said https://t.co/5p3kuFPbBM"
@nytimes,Wed Feb 07 15:16:02 +0000 2018,0.4939,0.219,0.781,0.0,"""I know that God will forgive me,"" said the mayor of Nashville. But will the voters? https://t.co/7avIrfeVQv"
@nytimes,Wed Feb 07 15:00:32 +0000 2018,0.0,0.0,1.0,0.0,Morning Briefing: Here's what you need to know to start your day https://t.co/ms8snXK5HR https://t.co/YQaxVKovjq
@nytimes,Wed Feb 07 14:45:14 +0000 2018,0.0,0.0,1.0,0.0,"RT @NYTNational: In most years, they're presidential swing states. In 2018, they are Eric Holder's campaign targets. https://t.co/GOqAviACQq"
@nytimes,Wed Feb 07 14:29:04 +0000 2018,0.3182,0.095,0.905,0.0,RT @HannaIngber: NYT's @dgelles is relaunching Corner Office and inviting readers to be part of it. Submit your own questions for Ken Frazi…
@nytimes,Wed Feb 07 14:14:02 +0000 2018,-0.6597,0.0,0.779,0.221,"""I was forced into this situation,"" said the president of the Maldives after ordering the arrest of the chief justi… https://t.co/tqBeY76POO"
@nytimes,Wed Feb 07 14:07:45 +0000 2018,0.2023,0.13,0.87,0.0,RT @melbournecoal: Tronc Agrees to Sell Los Angeles Times to Billionaire Doctor https://t.co/CbHBOjSZnt
@nytimes,Wed Feb 07 14:00:25 +0000 2018,-0.4767,0.0,0.871,0.129,"RT @Abihabib: Wild story by @adamgoldmanNYT. Saudi Who Attended Qaeda Camp Is Arrested in Oklahoma while trying to get a pilot's license, h…"
@nytimes,Wed Feb 07 13:44:03 +0000 2018,-0.4939,0.132,0.598,0.269,An Atlanta entrepreneur with no experience in large-scale disaster relief and at least 5 canceled government contra… https://t.co/UeFtLNURbH
@nytimes,Wed Feb 07 13:30:18 +0000 2018,0.0,0.0,1.0,0.0,"Opinion: When Uighurs in China buy a kitchen knife, their ID data is etched on the blade as a QR code https://t.co/29pcIXNFG7"
@nytimes,Wed Feb 07 13:15:13 +0000 2018,0.25,0.1,0.9,0.0,The Olympics are a chance for big-name local sponsors to splash their logos before millions of eyeballs. This month… https://t.co/4TpptRPDt6
@nytimes,Wed Feb 07 13:00:22 +0000 2018,0.0,0.0,1.0,0.0,Morning Briefing: Here's what you need to know to start your day https://t.co/c6JQl206Ts https://t.co/fQGM8TEHEM
@nytimes,Wed Feb 07 12:49:03 +0000 2018,-0.1901,0.0,0.916,0.084,"RT @nytimesworld: As a candidate, Donald Trump criticized the Obama-Clinton approach to Libya, but as president he hasn't arrived at a cohe…"
@nytimes,Wed Feb 07 12:40:06 +0000 2018,0.0,0.0,1.0,0.0,President Trump called on Tuesday for shutting down the federal government if Congress does not crack down on illeg… https://t.co/V0cUx2SiGs
@nytimes,Wed Feb 07 12:30:05 +0000 2018,-0.743,0.0,0.73,0.27,"Narendra Modi's long-estranged wife was involved in a car crash in which a relative of hers died, the police said https://t.co/7FpelCCOaz"
@nytimes,Wed Feb 07 12:14:06 +0000 2018,0.5719,0.227,0.773,0.0,Stephen Colbert tried to convince President Trump that he should testify before the special counsel. Our late-night… https://t.co/XFjnQfw1wT
@nytimes,Wed Feb 07 12:00:17 +0000 2018,-0.3976,0.132,0.617,0.25,"When Republicans cut corporate taxes, most economists rejected claims that working Americans would benefit. So why… https://t.co/G3Z5qiT7a4"
@nytimes,Wed Feb 07 11:45:04 +0000 2018,0.0,0.0,1.0,0.0,"Kim Jong-un's sister will be the first immediate member of North Korea's ruling family to set foot in the South, of… https://t.co/nxIFAh3hGq"
@nytimes,Wed Feb 07 11:30:12 +0000 2018,0.0,0.0,1.0,0.0,Morning Briefing: Here's what you need to know to start your day https://t.co/RNZn0Deexy https://t.co/dX3bRQESzy
@nytimes,Wed Feb 07 11:15:01 +0000 2018,0.2732,0.116,0.884,0.0,"Angela Merkel agreed to a coalition deal with her previous governing partners, including the Social Democrats, brin… https://t.co/bLkrCpl0d1"
@nytimes,Wed Feb 07 11:00:29 +0000 2018,-0.2732,0.105,0.742,0.153,Olympic officials are scrambling to contain an outbreak of the norovirus that has sickened dozens of security guards https://t.co/Va7qAZjRC9
@nytimes,Wed Feb 07 10:30:20 +0000 2018,0.0,0.0,1.0,0.0,The Falcon Heavy carried a Tesla sports car with a mannequin strapped inside. They are expected to orbit the sun fo… https://t.co/mFjSpt8cqY
@nytimes,Wed Feb 07 10:15:07 +0000 2018,0.2732,0.189,0.811,0.0,Opinion: What Trump's speech says about his mental fitness https://t.co/S03Zozrc07
@nytimes,Wed Feb 07 10:00:11 +0000 2018,-0.4854,0.073,0.743,0.184,"RT @nytimesworld: The war in Syria has displaced half the population and killed some 400,000 people, but now the carnage is growing: The go…"
@nytimes,Wed Feb 07 09:44:03 +0000 2018,0.0,0.0,1.0,0.0,"""We still haven't come that far. You'd think that in a hundred years you'd have equal rights around the world,"" a s… https://t.co/I6QLNRqpxO"
@nytimes,Wed Feb 07 09:30:04 +0000 2018,0.0,0.0,1.0,0.0,RT @nytimesworld: Can you trademark a color? The French shoe designer Christian Louboutin has been trying for years. A European court has j…
@nytimes,Wed Feb 07 09:14:06 +0000 2018,0.5106,0.18,0.82,0.0,"""We are running out of words, to be honest, to describe it,"" a UN official said https://t.co/UZyddQFHKR"
@nytimes,Wed Feb 07 08:59:02 +0000 2018,-0.7269,0.106,0.549,0.345,From @nytopinion: The Trump administration does not inspire confidence because it is filled with incompetent yes me… https://t.co/IhFWrtTFQU
@nytimes,Wed Feb 07 08:45:08 +0000 2018,0.0,0.0,1.0,0.0,Wall Street’s ups and downs in 13 photos https://t.co/mgrFF0kQVI
@nytimes,Wed Feb 07 08:30:15 +0000 2018,-0.1901,0.0,0.907,0.093,"As a candidate, Donald Trump criticized the Obama-Clinton approach to Libya, but as president he hasn't arrived at… https://t.co/zwuvmbvaQl"
@nytimes,Wed Feb 07 08:15:04 +0000 2018,0.4019,0.153,0.847,0.0,From @nytopinion: Israel. Iran. Saudi Arabia. Turkey. Egypt. Russia. And definitely Washington. They're all having… https://t.co/mXtVc5xIDt
@nytimes,Wed Feb 07 07:59:54 +0000 2018,0.0,0.0,1.0,0.0,"UN humanitarian officials are ""running out of words"" to describe the situation in Syria https://t.co/ieQxPpkasu"
@nytimes,Wed Feb 07 07:43:02 +0000 2018,-0.7096,0.0,0.742,0.258,Poland's president signed a law making it a crime to blame “the Polish nation” for the crimes of Nazi Germany https://t.co/z9O1R0DtTI
@nytimes,Wed Feb 07 07:29:01 +0000 2018,0.4939,0.138,0.862,0.0,RT @livia_ar: Idaho is the only place where lawmakers have successfully stripped state education standards of climate change. My latest: ht…
@nytimes,Wed Feb 07 07:14:03 +0000 2018,0.0,0.0,1.0,0.0,"Asian markets followed Wall Street’s lead and rose on Wednesday, but the ground they made up didn't cover most of t… https://t.co/MCD6mMDI4k"
@nytimes,Wed Feb 07 06:59:06 +0000 2018,0.1027,0.175,0.699,0.126,An 11-year-old Queens boy playing with a friend on an icy pond died after he fell through the thin sheet of ice and… https://t.co/3SS97sl1TW
@nytimes,Wed Feb 07 06:46:04 +0000 2018,0.0,0.0,1.0,0.0,RT @motokorich: North and South Korea will March under a joint flag in Pyeongchang. But that belies the vast gap that has opened between th…
@nytimes,Wed Feb 07 06:31:07 +0000 2018,-0.128,0.133,0.711,0.156,The offending post on the Mercedes-Benz Instagram account featured a quote popularly attributed to the Dalai Lama:… https://t.co/q7nQuJXoHb
@nytimes,Wed Feb 07 06:18:03 +0000 2018,0.0,0.0,1.0,0.0,"RT @AKannapell: What We’re Reading: the latest from @DavidGrann, @IChotiner chats with @Wesley_Morris, @KhushAndOJ on turmeric milk and mor…"
@nytimes,Wed Feb 07 06:03:02 +0000 2018,0.0,0.0,1.0,0.0,"Wander into the shallows of a European lake at dusk. Turn on the headlamps, and wait for them: mutant crayfish clon… https://t.co/mJ50IUmuUi"
@nytimes,Wed Feb 07 05:48:07 +0000 2018,0.5423,0.156,0.844,0.0,RT @xanalter: This is a fascinating story about the booming book business in Afghanistan. Kabul now has 22 publishing houses. https://t.co/…
@nytimes,Wed Feb 07 05:33:04 +0000 2018,0.1779,0.096,0.904,0.0,This photographer found the spirit of Michael Jackson and James Baldwin in the shadows they cast… https://t.co/klBhvJJmMw
@nytimes,Wed Feb 07 05:18:06 +0000 2018,0.6369,0.457,0.543,0.0,RT @nytimesworld: Gotta. Love. Australia. https://t.co/qFiprgoTAe
@nytimes,Wed Feb 07 05:03:04 +0000 2018,-0.0284,0.119,0.796,0.084,Apple's challenge to the Amazon Echo and Google Home is here. Our reviewer says it's not yet ready to take them on. https://t.co/Do6kGkNezd
@nytimes,Wed Feb 07 04:48:06 +0000 2018,-0.1779,0.145,0.683,0.173,"While Uber has sold “disruption” as positive for riders, for many taxi workers, it has been devastating. Bankruptci… https://t.co/M4wRb1h3Ls"
@nytimes,Wed Feb 07 04:41:00 +0000 2018,-0.25,0.0,0.8,0.2,RT @NYTSports: Kristaps Porzingis has torn his ACL: https://t.co/YRflziHaJX
@nytimes,Wed Feb 07 04:33:02 +0000 2018,0.7003,0.279,0.721,0.0,"A device that improves memory? Researchers report that a ""pacemaker"" for the brain strengthens recall on word tests. https://t.co/eQ4GIx2pGN"
@nytimes,Wed Feb 07 04:18:08 +0000 2018,0.3182,0.099,0.901,0.0,"RT @nytpolitics: Megan Barry, the mayor of Nashville, apologized and said she was ""embarrassed"" by her extramarital affair with the head of…"
@nytimes,Wed Feb 07 04:03:03 +0000 2018,0.7096,0.301,0.699,0.0,A growing number of couples are opting to spare loved ones the hassle of serving as bridesmaids or groomsmen https://t.co/bIMLS8fCJJ
@nytimes,Wed Feb 07 03:48:03 +0000 2018,-0.7783,0.0,0.726,0.274,"Christopher Plummer says he had no trepidation about replacing Kevin Spacey: ""I thought, 'To hell with it, I'm doin… https://t.co/78YubeU1IQ"
@nytimes,Wed Feb 07 03:41:05 +0000 2018,0.765,0.245,0.709,0.046,"RT @JulietMacur: Off to the mountains after a tasty and interesting breakfast of kimchi dumplings, yogurt and miso soup. One of the best pa…"
@nytimes,Wed Feb 07 03:33:04 +0000 2018,0.4453,0.142,0.807,0.051,President Trump said that he would welcome a government shutdown if he cannot reach a spending deal with Congress t… https://t.co/Nf5Yw3Sv1z
@nytimes,Wed Feb 07 03:18:37 +0000 2018,0.0,0.0,1.0,0.0,RT @kchangnyt: You might have heard there was a rocket launch today. https://t.co/ZazhxBrD2A
@nytimes,Wed Feb 07 03:05:53 +0000 2018,-0.6705,0.0,0.756,0.244,Breaking News: Steve Wynn resigned as CEO and chairman of Wynn Resorts in response to sexual harassment allegations https://t.co/VVasyUA9Lk
@nytimes,Wed Feb 07 03:03:09 +0000 2018,0.8402,0.375,0.625,0.0,"""Love, Gilda,"" a documentary on the beloved comedy icon Gilda Radner, will open this year's Tribeca Film Festival https://t.co/YKm5wpblOT"
@nytimes,Wed Feb 07 02:48:02 +0000 2018,0.0,0.0,1.0,0.0,"How ""Lady Doritos"" turned into a social media uproar for PepsiCo  https://t.co/fi49L2C1ga"
@nytimes,Wed Feb 07 02:33:01 +0000 2018,-0.4588,0.052,0.802,0.146,"Eric Holder's group, backed by Barack Obama, set targets to attack gerrymandering: Eclectic races in swing states a… https://t.co/xfxAiJwrPU"
@nytimes,Wed Feb 07 02:18:04 +0000 2018,0.0,0.0,1.0,0.0,The NYT movie review of “Black Panther” https://t.co/cNUnqxKnPD
@nytimes,Wed Feb 07 02:08:01 +0000 2018,-0.2263,0.049,0.868,0.083,"RT @NYTScience: Watch video of the SpaceX #FalconHeavy launch and landings if you missed it live earlier, or if you just want to watch a re…"
@nytimes,Wed Feb 07 02:03:05 +0000 2018,0.0,0.0,1.0,0.0,Evening Briefing: Here's what you need to know at the end of the day https://t.co/pntTz6P7us
@nytimes,Wed Feb 07 01:48:03 +0000 2018,0.4404,0.162,0.838,0.0,"Baltimore police stole a man's house key and pried open his safe, making off with $100,000 https://t.co/7NgRphxW6N"
@nytimes,Wed Feb 07 01:33:05 +0000 2018,-0.4019,0.0,0.881,0.119,Pyeongchang is just days away from the start of the winter Olympics. But officials have a problem on their hands: d… https://t.co/34EO4Ag1Vr
@nytimes,Wed Feb 07 01:28:11 +0000 2018,-0.2732,0.0,0.913,0.087,"RT @alexburnsNYT: HOLDER names his 2018 targets

Dem group to drop $30 mil on state races, from govs to legislators, judges, auditors

Brie…"
@nytimes,Wed Feb 07 01:18:04 +0000 2018,0.0,0.0,1.0,0.0,From https://t.co/qhDVkhcA59: A “procession of young renegades” at this event in 1965 wanted to do the twist. “Not… https://t.co/v67O97AxWx
@nytimes,Wed Feb 07 01:03:03 +0000 2018,0.6124,0.227,0.773,0.0,"After Hurricane Maria, a one-woman company was awarded a huge contract by FEMA to provide 30 million meals. Only 50… https://t.co/XowrSaiX8d"
@nytimes,Wed Feb 07 00:48:05 +0000 2018,0.0,0.0,1.0,0.0,"""Game of Thrones"" executives will write and produce a series of new “Star Wars” movies, the Walt Disney Company said https://t.co/Hhlju8KfeX"
@nytimes,Wed Feb 07 00:40:00 +0000 2018,0.0,0.0,1.0,0.0,6. “Show Boat” (1936): This version of the 1920s musical is notable for the frankness of its subplot about passing… https://t.co/7FQyxK4U3f
@nytimes,Wed Feb 07 00:33:02 +0000 2018,0.25,0.091,0.909,0.0,Did you hear the one about the Canadian guys who drank a few beers and created a revolutionary broom for Olympic cu… https://t.co/7WXStXOe0I
@nytimes,Wed Feb 07 00:18:03 +0000 2018,0.0,0.0,1.0,0.0,"Wander into the shallows of a European lake at dusk. Turn on the headlamps, and wait for them: mutant crayfish clon… https://t.co/Ae5LpjAjn8"
@nytimes,Wed Feb 07 00:03:04 +0000 2018,0.0,0.0,1.0,0.0,"It’s tempting to sell what you have as quickly as possible. But before you do, take a deep breath and ask yourself… https://t.co/WLNLuFnip4"
@nytimes,Tue Feb 06 23:48:02 +0000 2018,0.0,0.0,1.0,0.0,Evening Briefing: Here's what you need to know at the end of the day https://t.co/RLoGkO6VFU
@nytimes,Tue Feb 06 23:33:04 +0000 2018,0.0,0.0,1.0,0.0,"North and South Korea used to be more alike than different, but the two countries have diverged sharply since South… https://t.co/FkcR4TLvQ7"
@nytimes,Tue Feb 06 23:18:06 +0000 2018,-0.3612,0.0,0.894,0.106,The Los Angeles Times is near a deal to be sold for $500 million after months of turmoil. The buyer is a billionair… https://t.co/lnd8JYjzkx
@nytimes,Tue Feb 06 23:03:03 +0000 2018,0.3818,0.126,0.874,0.0,The S&amp;P 500 ended Tuesday’s session up by about 1.7%. The Dow Jones industrial average gained about 2.3%. https://t.co/JU9m7FbAjV
@nytimes,Tue Feb 06 22:45:11 +0000 2018,0.296,0.14,0.787,0.073,Scientists have developed a brain implant that noticeably boosted memory in its first serious test run https://t.co/jUAQ6Oc8gH
@nytimes,Tue Feb 06 22:31:29 +0000 2018,-0.6823,0.0,0.781,0.219,She had been a labor activist for 21 years but she had never seen anything like the despair she was witnessing now… https://t.co/WNnqUOAkPv
@nytimes,Tue Feb 06 22:23:55 +0000 2018,0.1531,0.086,0.914,0.0,"Last spring, Bhairavi Desai, the executive director of the New York Taxi Workers Alliance, delivered emotional test… https://t.co/TOzPOpsvZ5"
@nytimes,Tue Feb 06 22:00:16 +0000 2018,-0.0284,0.119,0.796,0.084,Apple's challenge to the Amazon Echo and Google Home is here. Our reviewer says it's not yet ready to take them on. https://t.co/TDp7VA1SDD
@nytimes,Tue Feb 06 21:46:38 +0000 2018,-0.5574,0.0,0.841,0.159,"RT @nytimesES: Después del huracán María, Puerto Rico necesitaba 30 millones de comidas y la empresa contratada, una proveedora sin experie…"
@nytimes,Tue Feb 06 21:45:08 +0000 2018,0.0,0.0,1.0,0.0,"New York City MetroCard machines will be cash-only for 6 hours Saturday. It was supposed to last 2 days, but the MT… https://t.co/63heJNuxGC"
@nytimes,Tue Feb 06 21:37:07 +0000 2018,0.4215,0.141,0.859,0.0,"More than 2,500 toxic chemical sites in the United States are in flood-prone areas, a Times analysis found https://t.co/vh5JRTOP0Q"
@nytimes,Tue Feb 06 21:30:18 +0000 2018,-0.0258,0.207,0.622,0.17,"The Maldives is known for its sparkling seas, island resorts and tranquillity. Now, it's facing a political crisis. https://t.co/RCRLvdBrhq"
@nytimes,Tue Feb 06 21:15:11 +0000 2018,0.0,0.0,1.0,0.0,“5 years ago it was all about the red carpet moment. Less now. An Instagram selfie on some people can be 10 times m… https://t.co/BTkrYhO7rp
@nytimes,Tue Feb 06 21:00:33 +0000 2018,0.0,0.0,1.0,0.0,"The TWA terminal was an icon of the JFK airport. Next year, it will re-open as a hotel. https://t.co/aj5mvvRksq"
@nytimes,Tue Feb 06 20:51:26 +0000 2018,0.5563,0.213,0.787,0.0,"Breaking News: SpaceX has launched into space the world’s most powerful rocket, the Falcon Heavy. It’s carrying a c… https://t.co/v1F3CYQqnS"
@nytimes,Tue Feb 06 20:45:49 +0000 2018,0.0,0.0,1.0,0.0,We have liftoff! ? #FalconHeavy https://t.co/A8xM8duU4G
@nytimes,Tue Feb 06 20:40:13 +0000 2018,0.3291,0.121,0.879,0.0,"British women celebrated a century of the vote Tuesday, but with revelation after revelation of male misbehavior, a… https://t.co/cNFyviKy6k"
@nytimes,Tue Feb 06 20:35:44 +0000 2018,0.0,0.0,1.0,0.0,T-10 minutes until liftoff ? #FalconHeavy https://t.co/ppmBRD7xWH
@nytimes,Tue Feb 06 20:30:22 +0000 2018,0.0,0.114,0.773,0.114,Opinion: 2018 may be remembered as the year when the moody market beast returned to its natural state https://t.co/ltB43SOF1J
@nytimes,Tue Feb 06 20:26:10 +0000 2018,0.0,0.0,1.0,0.0,"President Trump seeks to build a wall that would cost $18 billion. Here, we have mapped what is already in place.… https://t.co/BY9FBnXBOa"
@nytimes,Tue Feb 06 20:22:28 +0000 2018,0.0,0.0,1.0,0.0,President Trump said he’d “love to see a shutdown” if his border demands aren’t met. Congress needs a deal by Frida… https://t.co/kQ6Jso9138
@nytimes,Tue Feb 06 20:15:11 +0000 2018,0.5719,0.425,0.575,0.0,It is a perfect dinner-party meal https://t.co/pUKHLqhBo5
@nytimes,Tue Feb 06 20:00:21 +0000 2018,-0.743,0.0,0.704,0.296,More American children than previously thought may be suffering from neurological damage because their mothers dran… https://t.co/aYKFWOvvCQ
@nytimes,Tue Feb 06 19:45:03 +0000 2018,-0.4215,0.0,0.811,0.189,The stock market is useless in providing information about the short run https://t.co/2ymRkdVSb1
